Juízo;1;2;3;4;5;6;7;8;9;11;12;13;17;18;19;23;24;91;98;99
e-ProcV2
12/2017
00 - FLORIANÓPOLIS
SCFLP01F - Juízo Federal da 1ª VF de Florianópolis;42;3;0;2;0;8;2;1;32;0;0;0;0;0;0;0;0;0;300;308
SCFLP01S - Juízo Substituto da 1ª VF de Florianópolis;43;3;6;2;0;17;1;0;24;0;0;0;0;0;0;0;0;0;292;298
SCFLP07F - Juízo Federal da 7ª VF de Florianópolis;7;1;22;0;0;0;17;3;13;0;0;0;0;0;0;0;0;0;235;353
SCFLP07S - Juízo Substituto da 7ª VF de Florianópolis;4;1;19;2;0;1;18;1;14;0;0;0;0;0;0;0;0;0;261;377
SCFLP06F - Juízo Federal da 6ª VF de Florianópolis;7;5;3;0;0;0;0;2;6;0;0;0;0;0;0;0;0;0;103;123
SCFLP06S - Juízo Substituto da 6ª VF de Florianópolis;6;3;2;0;0;1;1;0;2;0;0;0;0;0;0;0;0;0;78;96
SCFLPCR01F - JUÍZO FED DA 01A VF CRIMINAL DE FLORIANÓPOLIS (DESATIVADA);0;0;0;0;0;0;0;0;0;0;0;0;0;0;0;0;0;0;1;1
SCFLPCR01S - JUÍZO SUBS DA 01A VF CRIMINAL DE FLORIANÓPOLIS (DESATIVADA);0;0;0;0;0;0;0;0;0;0;0;0;0;0;0;0;0;0;0;1
SCFLPCEMA - CENTRAL DE MANDADOS - FLORIANÓPOLIS;5;0;0;0;0;0;0;0;4;0;0;0;0;0;0;0;0;0;23;23
Total 00 - FLORIANÓPOLIS 12/2017 e-ProcV2;114;16;52;6;0;27;39;7;95;0;0;0;0;0;0;0;0;0;1293;1580
01 - JOINVILLE
SCJOI01F - Juízo Federal da 1ª VF de Joinville;56;0;33;9;0;1;36;3;27;0;0;1;0;0;0;0;0;0;316;376
SCJOI01S - Juízo Substituto da 1ª VF de Joinville;57;1;37;8;0;0;31;6;25;0;0;0;0;0;0;0;0;0;312;372
SCJOI05F - Juízo Federal da 5ª VF de Joinville;0;0;0;0;0;1;0;0;0;0;0;0;0;0;0;0;0;0;0;0
SCJOICEMA - CENTRAL DE MANDADOS - JOINVILLE;1;0;0;0;0;0;0;0;1;0;0;0;0;0;0;0;0;0;1;1
Total 01 - JOINVILLE 12/2017 e-ProcV2;114;1;70;17;0;2;67;9;53;0;0;1;0;0;0;0;0;0;629;749
02 - CHAPECÓ
SCCHA01F - Juízo Federal da 1ª VF de Chapecó;8;0;5;0;0;0;7;3;9;0;0;0;0;0;0;0;0;0;93;112
SCCHA01S - Juízo Substituto da 1ª VF de Chapecó;3;0;5;0;0;1;3;1;9;0;0;0;0;0;0;0;0;0;97;119
SCCHA02F - Juízo Federal da 2ª VF de Chapecó;7;2;8;0;0;0;6;3;4;0;0;0;0;0;0;0;0;0;123;169
SCCHA02S - Juízo Substituto da 2ª VF de Chapecó;6;0;8;0;0;0;6;0;3;0;0;0;0;0;0;0;0;0;140;200
Total 02 - CHAPECÓ 12/2017 e-ProcV2;24;2;26;0;0;1;22;7;25;0;0;0;0;0;0;0;0;0;453;600
03 - JOAÇABA
SCJOA01F - Juízo Federal da 1ª VF de Joaçaba;6;2;8;0;0;1;15;0;0;0;0;0;0;0;0;0;0;0;133;191
SCJOA01S - Juízo Substituto da 1ª VF de Joaçaba;8;17;10;0;0;2;16;0;2;0;0;0;0;0;0;0;0;0;183;227
Total 03 - JOAÇABA 12/2017 e-ProcV2;14;19;18;0;0;3;31;0;2;0;0;0;0;0;0;0;0;0;316;418
04 - CRICIÚMA
SCCRI01F - Juízo Federal da 1ª VF de Criciúma;12;1;31;1;0;2;21;2;16;0;0;0;0;0;0;0;0;0;242;296
SCCRI01S - Juízo Substituto da 1ª VF de Criciúma;12;1;9;0;0;1;19;1;28;0;0;0;0;0;0;0;0;0;201;253
SCCRICEMA - CENTRAL DE MANDADOS - CRICIÚMA;2;1;0;0;0;0;0;0;1;0;0;0;0;0;0;0;0;0;4;4
Total 04 - CRICIÚMA 12/2017 e-ProcV2;26;3;40;1;0;3;40;3;45;0;0;0;0;0;0;0;0;0;447;553
05 - BLUMENAU
SCBLU05F - Juízo Federal da 5ª VF de Blumenau;18;0;3;1;0;0;4;4;2;0;0;0;0;0;0;0;0;0;165;201
SCBLU05S - Juízo Substituto da 5ª VF de Blumenau;33;0;8;3;0;3;4;5;18;0;0;0;0;0;0;0;0;0;222;266
SCBLUCEMA - CENTRAL DE MANDADOS - BLUMENAU;0;0;0;0;0;0;0;0;0;0;0;0;0;0;0;0;0;0;1;1
Total 05 - BLUMENAU 12/2017 e-ProcV2;51;0;11;4;0;3;8;9;20;0;0;0;0;0;0;0;0;0;388;468
06 - LAGES
SCLAG01F - Juízo Federal da 1ª VF de Lages;7;0;4;0;0;0;3;3;3;0;0;0;0;0;0;0;0;0;68;85
SCLAG01S - Juízo Substituto da 1ª VF de Lages;15;0;7;1;0;0;9;4;4;0;0;1;0;0;0;0;0;0;96;113
SCLAGCEMA - CENTRAL DE MANDADOS - LAGES;1;0;0;0;0;0;0;0;2;0;0;0;0;0;0;0;0;0;2;2
Total 06 - LAGES 12/2017 e-ProcV2;23;0;11;1;0;0;12;7;9;0;0;1;0;0;0;0;0;0;166;200
07 - TUBARÃO
SCTUB01F - Juízo Federal da 1ª VF de Tubarão;4;0;7;0;0;0;4;0;2;0;0;1;0;0;0;0;0;0;100;111
SCTUB01S - Juízo Substituto da 1ª VF de Tubarão;4;0;8;1;0;0;7;1;6;0;0;0;0;0;0;0;0;0;112;122
SCTUBCEMA - CENTRAL DE MANDADOS - TUBARÃO;0;0;0;0;0;0;0;0;0;0;0;0;0;0;0;0;0;0;1;1
Total 07 - TUBARÃO 12/2017 e-ProcV2;8;0;15;1;0;0;11;1;8;0;0;1;0;0;0;0;0;0;213;234
08 - ITAJAÍ
SCITA01F - Juízo Federal da 1ª VF de Itajaí;31;0;1;3;0;2;2;0;29;0;0;0;0;0;0;0;0;0;389;415
SCITA01S - Juízo Substituto da 1ª VF de Itajaí;28;3;3;1;0;1;7;5;18;0;1;0;0;0;0;0;0;0;394;433
SCITACEMA - CENTRAL DE MANDADOS - ITAJAÍ;9;0;0;0;0;0;0;0;6;0;0;0;0;0;0;0;0;0;8;8
Total 08 - ITAJAÍ 12/2017 e-ProcV2;68;3;4;4;0;3;9;5;53;0;1;0;0;0;0;0;0;0;791;856
09 - JARAGUÁ DO SUL
SCJAR01F - Juízo Federal da 1ª VF de Jaraguá do Sul;8;0;0;0;0;0;1;0;2;0;0;0;0;0;0;0;0;0;58;72
SCJAR01S - Juízo Substituto da 1ª VF de Jaraguá do Sul;2;0;5;1;0;0;2;1;14;0;0;0;0;0;0;0;0;0;73;80
SCJARCEMA - CENTRAL DE MANDADOS - JARAGUÁ DO SUL;0;0;0;0;0;0;0;0;1;0;0;0;0;0;0;0;0;0;0;0
Total 09 - JARAGUÁ DO SUL 12/2017 e-ProcV2;10;0;5;1;0;0;3;1;17;0;0;0;0;0;0;0;0;0;131;152
10 - SÃO MIGUEL DO OESTE
SCSMO01F - Juízo Federal da 1ª VF de São Miguel do Oeste;14;1;21;2;0;0;5;1;47;0;0;0;0;0;0;0;0;0;252;340
SCSMO01S - Juízo Substituto da 1ª VF de São Miguel do Oeste;27;0;10;2;0;0;6;7;35;0;0;0;0;0;0;0;0;0;312;402
Total 10 - SÃO MIGUEL DO OESTE 12/2017 e-ProcV2;41;1;31;4;0;0;11;8;82;0;0;0;0;0;0;0;0;0;564;742
11 - CAÇADOR
SCCAC01F - Juízo Federal da 1ª VF de Caçador;2;1;9;2;0;0;1;1;4;0;0;0;0;0;0;0;0;0;69;86
SCCAC01S - Juízo Substituto da 1ª VF de Caçador;6;0;4;0;0;0;2;0;6;0;0;0;0;0;0;0;0;0;80;92
Total 11 - CAÇADOR 12/2017 e-ProcV2;8;1;13;2;0;0;3;1;10;0;0;0;0;0;0;0;0;0;149;178
12 - CONCÓRDIA
SCCON01F - Juízo Federal da 1ª VF de Concórdia;12;0;3;0;0;0;0;1;0;0;0;0;0;0;0;0;0;0;80;91
SCCON01S - Juízo Substituto da 1ª VF de Concórdia;5;0;1;1;0;0;0;1;3;0;0;0;0;0;0;0;0;0;57;69
Total 12 - CONCÓRDIA 12/2017 e-ProcV2;17;0;4;1;0;0;0;2;3;0;0;0;0;0;0;0;0;0;137;160
13 - RIO DO SUL
SCRSL01F - Juízo Federal da 1ª VF de Rio do Sul;12;1;14;1;0;3;0;0;2;0;0;0;0;0;0;0;0;0;117;130
SCRSL01S - Juízo Substituto da 1ª VF de Rio do Sul;6;0;18;0;0;2;0;1;0;0;0;0;0;0;0;0;0;0;118;135
Total 13 - RIO DO SUL 12/2017 e-ProcV2;18;1;32;1;0;5;0;1;2;0;0;0;0;0;0;0;0;0;235;265
14 - MAFRA
SCMFA01F - Juízo Federal da 1ª VF de Mafra;5;0;0;0;0;0;0;0;0;0;0;0;0;0;0;0;0;0;55;73
SCMFA01S - Juízo Substituto da 1ª VF de Mafra;6;0;1;0;0;0;0;0;0;0;0;0;0;0;0;0;0;0;62;74
Total 14 - MAFRA 12/2017 e-ProcV2;11;0;1;0;0;0;0;0;0;0;0;0;0;0;0;0;0;0;117;147
15 - BRUSQUE
SCBQE01F - Juízo Federal da 1ª VF de Brusque;3;0;1;0;0;0;0;0;2;0;0;0;0;0;0;0;0;0;39;42
SCBQE01S - Juízo Substituto da 1ª VF de Brusque;4;0;2;0;0;0;1;0;2;0;0;0;0;0;0;0;0;0;38;42
Total 15 - BRUSQUE 12/2017 e-ProcV2;7;0;3;0;0;0;1;0;4;0;0;0;0;0;0;0;0;0;77;84
16 - LAGUNA
SCLGA01F - Juízo Federal da 1ª VF de Laguna;1;0;13;0;0;0;5;0;4;0;1;0;0;0;0;0;0;0;38;45
SCLGA01S - Juízo Substituto da 1ª VF de Laguna;3;0;4;0;0;0;7;0;2;0;0;0;0;0;0;0;0;0;40;44
Total 16 - LAGUNA 12/2017 e-ProcV2;4;0;17;0;0;0;12;0;6;0;1;0;0;0;0;0;0;0;78;89
Total 12/2017 e-ProcV2;558;47;353;43;0;47;269;61;434;0;2;3;0;0;0;0;0;0;6184;7475
01/2018
00 - FLORIANÓPOLIS
SCFLP01F - Juízo Federal da 1ª VF de Florianópolis;47;1;7;2;0;4;2;1;16;0;0;0;0;0;0;0;0;0;329;338
SCFLP01S - Juízo Substituto da 1ª VF de Florianópolis;43;2;2;1;0;6;4;0;19;0;0;0;0;0;0;0;0;0;305;312
SCFLP07F - Juízo Federal da 7ª VF de Florianópolis;20;10;30;2;0;13;28;8;17;0;0;0;0;0;0;0;0;0;233;349
SCFLP07S - Juízo Substituto da 7ª VF de Florianópolis;15;13;30;1;1;6;30;9;18;0;1;1;0;0;0;0;0;0;266;374
SCFLP06F - Juízo Federal da 6ª VF de Florianópolis;5;0;4;2;0;0;6;2;16;0;0;0;0;0;0;0;0;0;92;110
SCFLP06S - Juízo Substituto da 6ª VF de Florianópolis;8;0;1;2;0;0;3;2;12;0;0;0;0;0;0;0;0;0;76;91
SCFLPCR01F - JUÍZO FED DA 01A VF CRIMINAL DE FLORIANÓPOLIS (DESATIVADA);0;0;0;0;0;0;0;0;0;0;0;0;0;0;0;0;0;0;1;1
SCFLPCR01S - JUÍZO SUBS DA 01A VF CRIMINAL DE FLORIANÓPOLIS (DESATIVADA);0;0;0;0;0;0;0;0;0;0;0;0;0;0;0;0;0;0;0;1
SCFLPCEMA - CENTRAL DE MANDADOS - FLORIANÓPOLIS;5;0;0;0;0;0;0;0;8;0;0;0;0;0;0;0;0;0;20;20
Total 00 - FLORIANÓPOLIS 01/2018 e-ProcV2;143;26;74;10;1;29;73;22;106;0;1;1;0;0;0;0;0;0;1322;1596
01 - JOINVILLE
SCJOI01F - Juízo Federal da 1ª VF de Joinville;58;0;52;4;0;2;56;5;104;0;0;0;0;0;0;0;0;0;254;312
SCJOI01S - Juízo Substituto da 1ª VF de Joinville;54;2;45;6;1;0;57;4;114;0;0;0;0;0;0;0;0;0;222;285
SCJOICEMA - CENTRAL DE MANDADOS - JOINVILLE;2;0;0;0;0;0;0;0;0;0;0;0;0;0;0;0;0;0;3;3
Total 01 - JOINVILLE 01/2018 e-ProcV2;114;2;97;10;1;2;113;9;218;0;0;0;0;0;0;0;0;0;479;600
02 - CHAPECÓ
SCCHA01F - Juízo Federal da 1ª VF de Chapecó;15;1;15;6;0;0;10;2;4;0;0;0;0;0;0;0;0;0;113;134
SCCHA01S - Juízo Substituto da 1ª VF de Chapecó;18;3;7;12;0;0;3;1;7;0;0;0;0;0;0;0;0;0;122;148
SCCHA02F - Juízo Federal da 2ª VF de Chapecó;13;0;18;0;0;0;0;0;4;0;0;0;0;0;0;0;0;0;137;196
SCCHA02S - Juízo Substituto da 2ª VF de Chapecó;24;0;9;0;0;2;0;2;12;0;0;0;0;0;0;0;0;0;152;218
SCCHACEMA - CENTRAL DE MANDADOS - CHAPECÓ;1;0;0;0;0;0;0;0;0;0;0;0;0;0;0;0;0;0;1;1
Total 02 - CHAPECÓ 01/2018 e-ProcV2;71;4;49;18;0;2;13;5;27;0;0;0;0;0;0;0;0;0;525;697
03 - JOAÇABA
SCJOA01F - Juízo Federal da 1ª VF de Joaçaba;7;0;7;0;0;0;4;2;5;0;0;0;0;0;0;0;0;0;130;194
SCJOA01S - Juízo Substituto da 1ª VF de Joaçaba;11;2;10;0;0;0;10;0;9;0;0;0;0;0;0;0;0;0;181;230
Total 03 - JOAÇABA 01/2018 e-ProcV2;18;2;17;0;0;0;14;2;14;0;0;0;0;0;0;0;0;0;311;424
04 - CRICIÚMA
SCCRI01F - Juízo Federal da 1ª VF de Criciúma;23;0;19;0;0;2;23;5;21;0;0;0;0;0;0;0;0;0;228;288
SCCRI01S - Juízo Substituto da 1ª VF de Criciúma;23;0;16;1;0;0;19;10;15;0;0;0;0;0;0;0;0;0;201;251
SCCRICEMA - CENTRAL DE MANDADOS - CRICIÚMA;1;2;0;0;0;0;0;0;4;0;0;0;0;0;0;0;0;0;3;3
Total 04 - CRICIÚMA 01/2018 e-ProcV2;47;2;35;1;0;2;42;15;40;0;0;0;0;0;0;0;0;0;432;542
05 - BLUMENAU
SCBLU01S - Juízo Substituto da 1ª VF de Blumenau;1;0;0;0;0;1;0;0;0;0;0;0;0;0;0;0;0;0;0;0
SCBLU05F - Juízo Federal da 5ª VF de Blumenau;15;0;10;1;0;0;2;2;18;0;1;0;0;0;0;0;0;0;167;206
SCBLU05S - Juízo Substituto da 5ª VF de Blumenau;35;1;11;0;0;3;8;4;37;0;0;0;0;0;0;0;0;0;214;260
SCBLUCEMA - CENTRAL DE MANDADOS - BLUMENAU;3;0;0;0;0;0;0;0;0;0;0;0;0;0;0;0;0;0;4;4
Total 05 - BLUMENAU 01/2018 e-ProcV2;54;1;21;1;0;4;10;6;55;0;1;0;0;0;0;0;0;0;385;470
06 - LAGES
SCLAG01F - Juízo Federal da 1ª VF de Lages;17;0;9;1;3;0;5;1;15;0;0;0;0;0;0;0;0;0;77;94
SCLAG01S - Juízo Substituto da 1ª VF de Lages;21;0;7;0;2;0;6;3;19;0;0;0;0;0;0;0;0;0;93;115
SCLAGCEMA - CENTRAL DE MANDADOS - LAGES;0;0;0;0;0;0;0;0;0;0;0;0;0;0;0;0;0;0;2;2
Total 06 - LAGES 01/2018 e-ProcV2;38;0;16;1;5;0;11;4;34;0;0;0;0;0;0;0;0;0;172;211
07 - TUBARÃO
SCTUB01F - Juízo Federal da 1ª VF de Tubarão;6;0;6;0;0;0;5;1;5;0;0;0;0;0;0;0;0;0;101;112
SCTUB01S - Juízo Substituto da 1ª VF de Tubarão;5;0;12;0;0;0;7;1;13;0;0;0;0;0;0;0;0;0;105;118
SCTUBCEMA - CENTRAL DE MANDADOS - TUBARÃO;0;0;0;0;0;0;0;0;1;0;0;0;0;0;0;0;0;0;0;0
Total 07 - TUBARÃO 01/2018 e-ProcV2;11;0;18;0;0;0;12;2;19;0;0;0;0;0;0;0;0;0;206;230
08 - ITAJAÍ
SCITA01F - Juízo Federal da 1ª VF de Itajaí;41;0;4;1;0;0;1;2;26;0;0;0;0;0;0;0;0;0;403;432
SCITA01S - Juízo Substituto da 1ª VF de Itajaí;46;2;7;4;0;0;6;2;35;0;0;1;0;0;0;0;0;0;406;445
SCITACEMA - CENTRAL DE MANDADOS - ITAJAÍ;9;0;0;0;0;0;0;0;0;0;0;0;0;0;0;0;0;0;17;17
Total 08 - ITAJAÍ 01/2018 e-ProcV2;96;2;11;5;0;0;7;4;61;0;0;1;0;0;0;0;0;0;826;894
09 - JARAGUÁ DO SUL
SCJAR01F - Juízo Federal da 1ª VF de Jaraguá do Sul;10;0;4;0;0;0;1;1;9;0;0;0;0;0;0;0;0;0;63;75
SCJAR01S - Juízo Substituto da 1ª VF de Jaraguá do Sul;5;0;0;2;0;0;2;1;11;0;0;0;0;0;0;0;0;0;69;74
SCJARCEMA - CENTRAL DE MANDADOS - JARAGUÁ DO SUL;2;0;0;0;0;0;0;0;0;0;0;0;0;0;0;0;0;0;2;2
Total 09 - JARAGUÁ DO SUL 01/2018 e-ProcV2;17;0;4;2;0;0;3;2;20;0;0;0;0;0;0;0;0;0;134;151
10 - SÃO MIGUEL DO OESTE
SCSMO01F - Juízo Federal da 1ª VF de São Miguel do Oeste;25;0;37;2;0;0;32;2;27;0;0;0;0;0;0;0;0;0;243;335
SCSMO01S - Juízo Substituto da 1ª VF de São Miguel do Oeste;36;0;43;3;0;1;37;4;34;0;0;0;0;0;0;0;0;0;317;407
Total 10 - SÃO MIGUEL DO OESTE 01/2018 e-ProcV2;61;0;80;5;0;1;69;6;61;0;0;0;0;0;0;0;0;0;560;742
11 - CAÇADOR
SCCAC01F - Juízo Federal da 1ª VF de Caçador;3;0;14;0;0;0;5;2;7;0;0;0;0;0;0;0;0;0;69;90
SCCAC01S - Juízo Substituto da 1ª VF de Caçador;4;0;21;1;0;0;6;1;9;0;0;0;0;0;0;0;0;0;86;101
Total 11 - CAÇADOR 01/2018 e-ProcV2;7;0;35;1;0;0;11;3;16;0;0;0;0;0;0;0;0;0;155;191
12 - CONCÓRDIA
SCCON01F - Juízo Federal da 1ª VF de Concórdia;6;0;0;0;0;0;1;0;4;0;0;0;0;0;0;0;0;0;81;92
SCCON01S - Juízo Substituto da 1ª VF de Concórdia;1;0;0;0;0;0;1;0;2;0;0;0;0;0;0;0;0;0;55;68
Total 12 - CONCÓRDIA 01/2018 e-ProcV2;7;0;0;0;0;0;2;0;6;0;0;0;0;0;0;0;0;0;136;160
13 - RIO DO SUL
SCRSL01F - Juízo Federal da 1ª VF de Rio do Sul;2;1;0;0;0;0;0;2;9;0;0;0;0;0;0;0;0;0;110;121
SCRSL01S - Juízo Substituto da 1ª VF de Rio do Sul;5;0;2;0;0;0;0;0;14;0;0;0;0;0;0;0;0;0;117;127
Total 13 - RIO DO SUL 01/2018 e-ProcV2;7;1;2;0;0;0;0;2;23;0;0;0;0;0;0;0;0;0;227;248
14 - MAFRA
SCMFA01F - Juízo Federal da 1ª VF de Mafra;3;0;0;0;0;0;0;0;1;0;0;0;0;0;0;0;0;0;57;76
SCMFA01S - Juízo Substituto da 1ª VF de Mafra;3;0;0;0;0;0;0;0;0;0;0;0;0;0;0;0;0;0;66;78
Total 14 - MAFRA 01/2018 e-ProcV2;6;0;0;0;0;0;0;0;1;0;0;0;0;0;0;0;0;0;123;154
15 - BRUSQUE
SCBQE01F - Juízo Federal da 1ª VF de Brusque;2;0;9;2;0;0;3;1;8;0;0;0;0;0;0;0;0;0;39;43
SCBQE01S - Juízo Substituto da 1ª VF de Brusque;1;1;1;1;0;1;4;0;2;0;0;0;0;0;0;0;0;0;34;38
Total 15 - BRUSQUE 01/2018 e-ProcV2;3;1;10;3;0;1;7;1;10;0;0;0;0;0;0;0;0;0;73;81
16 - LAGUNA
SCLGA01F - Juízo Federal da 1ª VF de Laguna;6;0;7;1;0;0;3;1;12;0;0;1;0;0;0;0;0;0;38;42
SCLGA01S - Juízo Substituto da 1ª VF de Laguna;1;0;9;0;0;0;5;0;5;0;0;0;0;0;0;0;0;0;37;44
Total 16 - LAGUNA 01/2018 e-ProcV2;7;0;16;1;0;0;8;1;17;0;0;1;0;0;0;0;0;0;75;86
Total 01/2018 e-ProcV2;707;41;485;58;7;41;395;84;728;0;2;3;0;0;0;0;0;0;6141;7477
02/2018
00 - FLORIANÓPOLIS
SCFLP01F - Juízo Federal da 1ª VF de Florianópolis;37;2;5;2;0;1;2;1;12;0;0;0;0;0;0;0;0;0;358;368
SCFLP01S - Juízo Substituto da 1ª VF de Florianópolis;33;2;3;4;0;1;4;1;4;0;0;0;0;0;0;0;0;0;339;345
SCFLP07F - Juízo Federal da 7ª VF de Florianópolis;7;2;46;2;0;3;15;4;26;0;0;0;0;0;0;0;0;0;207;358
SCFLP07S - Juízo Substituto da 7ª VF de Florianópolis;8;1;28;2;0;0;18;6;42;0;0;0;0;0;0;0;0;0;227;347
SCFLP06F - Juízo Federal da 6ª VF de Florianópolis;14;0;5;2;0;0;1;1;14;0;0;0;0;0;0;0;0;0;98;115
SCFLP06S - Juízo Substituto da 6ª VF de Florianópolis;15;1;3;0;0;0;0;0;19;0;0;0;0;0;0;0;0;0;68;89
SCFLPCR01F - JUÍZO FED DA 01A VF CRIMINAL DE FLORIANÓPOLIS (DESATIVADA);0;0;0;0;0;0;0;0;0;0;0;0;0;0;0;0;0;0;1;1
SCFLPCR01S - JUÍZO SUBS DA 01A VF CRIMINAL DE FLORIANÓPOLIS (DESATIVADA);0;0;0;0;0;0;0;0;0;0;0;0;0;0;0;0;0;0;0;1
SCFLPCEMA - CENTRAL DE MANDADOS - FLORIANÓPOLIS;6;0;0;0;0;0;0;0;3;0;0;0;0;0;0;0;0;0;23;23
Total 00 - FLORIANÓPOLIS 02/2018 e-ProcV2;120;8;90;12;0;5;40;13;120;0;0;0;0;0;0;0;0;0;1321;1647
01 - JOINVILLE
SCJOI01F - Juízo Federal da 1ª VF de Joinville;60;0;52;4;0;2;55;8;31;0;0;0;0;0;0;0;0;0;269;323
SCJOI01S - Juízo Substituto da 1ª VF de Joinville;51;2;48;2;0;0;50;2;31;0;0;0;0;0;0;0;0;0;248;302
SCJOICEMA - CENTRAL DE MANDADOS - JOINVILLE;2;0;0;0;0;0;0;0;2;0;0;0;0;0;0;0;0;0;3;3
SCJOI06S - Juízo Substituto da 6ª VF de Joinville;0;0;0;0;0;1;0;0;0;0;0;0;0;0;0;0;0;0;0;0
Total 01 - JOINVILLE 02/2018 e-ProcV2;113;2;100;6;0;3;105;10;64;0;0;0;0;0;0;0;0;0;520;628
02 - CHAPECÓ
SCCHA01F - Juízo Federal da 1ª VF de Chapecó;13;1;4;0;0;0;3;1;9;0;0;0;0;0;0;0;0;0;114;139
SCCHA01S - Juízo Substituto da 1ª VF de Chapecó;14;0;4;0;0;0;4;1;16;0;0;0;0;0;0;0;0;0;114;145
SCCHA02F - Juízo Federal da 2ª VF de Chapecó;16;0;7;0;2;0;6;1;21;0;0;0;0;0;0;0;0;0;138;193
SCCHA02S - Juízo Substituto da 2ª VF de Chapecó;21;0;1;0;1;0;5;1;31;0;0;0;0;0;0;0;0;0;150;204
SCCHACEMA - CENTRAL DE MANDADOS - CHAPECÓ;1;0;0;0;0;0;0;0;1;0;0;0;0;0;0;0;0;0;1;1
Total 02 - CHAPECÓ 02/2018 e-ProcV2;65;1;16;0;3;0;18;4;78;0;0;0;0;0;0;0;0;0;517;682
03 - JOAÇABA
SCJOA01F - Juízo Federal da 1ª VF de Joaçaba;13;1;4;1;0;1;13;5;11;0;0;0;0;0;0;0;0;0;125;183
SCJOA01S - Juízo Substituto da 1ª VF de Joaçaba;19;1;3;1;0;1;13;6;18;0;0;0;0;0;0;0;0;0;177;216
Total 03 - JOAÇABA 02/2018 e-ProcV2;32;2;7;2;0;2;26;11;29;0;0;0;0;0;0;0;0;0;302;399
04 - CRICIÚMA
SCCRI01F - Juízo Federal da 1ª VF de Criciúma;35;2;13;1;0;1;15;7;20;0;1;1;0;0;0;0;0;0;247;298
SCCRI01S - Juízo Substituto da 1ª VF de Criciúma;40;0;10;1;0;2;13;6;21;0;1;1;0;0;0;0;0;0;223;262
SCCRI02F - Juízo Federal da 2ª VF de Criciúma;1;0;0;0;0;1;0;0;0;0;0;0;0;0;0;0;0;0;0;0
SCCRICEMA - CENTRAL DE MANDADOS - CRICIÚMA;1;1;0;0;0;1;0;0;0;0;0;0;0;0;0;0;0;0;4;4
Total 04 - CRICIÚMA 02/2018 e-ProcV2;77;3;23;2;0;5;28;13;41;0;2;2;0;0;0;0;0;0;474;564
05 - BLUMENAU
SCBLU05F - Juízo Federal da 5ª VF de Blumenau;22;3;7;0;0;2;10;8;14;0;0;0;0;0;0;0;0;0;174;205
SCBLU05S - Juízo Substituto da 5ª VF de Blumenau;25;1;10;3;0;4;17;9;32;0;0;0;0;0;0;0;0;0;196;235
SCBLUCEMA - CENTRAL DE MANDADOS - BLUMENAU;3;0;0;0;0;0;0;0;3;0;0;0;0;0;0;0;0;0;4;4
Total 05 - BLUMENAU 02/2018 e-ProcV2;50;4;17;3;0;6;27;17;49;0;0;0;0;0;0;0;0;0;374;444
06 - LAGES
SCLAG01F - Juízo Federal da 1ª VF de Lages;11;0;12;3;9;2;17;2;20;0;0;0;0;0;0;0;0;0;72;88
SCLAG01S - Juízo Substituto da 1ª VF de Lages;12;2;7;0;11;0;13;0;26;0;0;0;0;0;1;0;0;1;89;108
SCLAGCEMA - CENTRAL DE MANDADOS - LAGES;1;0;0;0;0;0;0;0;0;0;0;0;0;0;0;0;0;0;3;3
SCLAGCEJUA - JUÍZO A DO CEJUSCON DE LAGES;0;0;0;0;0;0;0;0;0;0;0;0;0;0;0;0;0;0;1;1
Total 06 - LAGES 02/2018 e-ProcV2;24;2;19;3;20;2;30;2;46;0;0;0;0;0;1;0;0;1;165;200
07 - TUBARÃO
SCTUB01F - Juízo Federal da 1ª VF de Tubarão;8;2;6;0;0;0;2;2;7;0;0;0;0;0;0;0;0;0;103;117
SCTUB01S - Juízo Substituto da 1ª VF de Tubarão;6;0;9;0;0;0;3;3;5;0;0;0;0;0;0;0;0;0;108;121
Total 07 - TUBARÃO 02/2018 e-ProcV2;14;2;15;0;0;0;5;5;12;0;0;0;0;0;0;0;0;0;211;238
08 - ITAJAÍ
SCITA01F - Juízo Federal da 1ª VF de Itajaí;53;1;4;1;0;1;5;1;50;0;0;0;0;0;0;0;0;0;405;433
SCITA01S - Juízo Substituto da 1ª VF de Itajaí;43;1;4;0;0;1;5;3;45;0;0;0;0;0;0;0;0;0;400;440
SCITA03F - Juízo Federal da 3ª VF de Itajaí;1;0;0;0;0;0;0;0;0;0;0;0;0;0;0;0;0;0;1;1
SCITACEMA - CENTRAL DE MANDADOS - ITAJAÍ;10;0;0;1;0;0;0;0;16;0;0;0;0;0;0;0;0;0;12;12
Total 08 - ITAJAÍ 02/2018 e-ProcV2;107;2;8;2;0;2;10;4;111;0;0;0;0;0;0;0;0;0;818;886
09 - JARAGUÁ DO SUL
SCJAR01F - Juízo Federal da 1ª VF de Jaraguá do Sul;10;1;0;0;0;0;3;3;9;0;0;0;0;0;0;0;0;0;58;71
SCJAR01S - Juízo Substituto da 1ª VF de Jaraguá do Sul;17;0;1;0;0;0;2;0;7;0;0;0;0;0;0;0;0;0;70;83
SCJARCEMA - CENTRAL DE MANDADOS - JARAGUÁ DO SUL;2;0;0;0;0;0;0;0;1;0;0;0;0;0;0;0;0;0;3;3
Total 09 - JARAGUÁ DO SUL 02/2018 e-ProcV2;29;1;1;0;0;0;5;3;17;0;0;0;0;0;0;0;0;0;131;157
10 - SÃO MIGUEL DO OESTE
SCSMO01F - Juízo Federal da 1ª VF de São Miguel do Oeste;13;0;10;1;0;0;15;3;7;0;0;0;0;0;0;0;0;0;240;334
SCSMO01S - Juízo Substituto da 1ª VF de São Miguel do Oeste;21;0;9;2;0;0;14;3;12;0;0;0;0;0;0;0;0;0;323;411
Total 10 - SÃO MIGUEL DO OESTE 02/2018 e-ProcV2;34;0;19;3;0;0;29;6;19;0;0;0;0;0;0;0;0;0;563;745
11 - CAÇADOR
SCCAC01F - Juízo Federal da 1ª VF de Caçador;7;0;3;1;0;0;2;0;6;0;0;0;0;0;0;0;0;0;71;92
SCCAC01S - Juízo Substituto da 1ª VF de Caçador;8;0;6;1;0;0;3;1;8;0;0;0;0;0;0;0;0;0;92;104
Total 11 - CAÇADOR 02/2018 e-ProcV2;15;0;9;2;0;0;5;1;14;0;0;0;0;0;0;0;0;0;163;196
12 - CONCÓRDIA
SCCON01F - Juízo Federal da 1ª VF de Concórdia;7;0;5;0;0;0;1;0;1;0;0;0;0;0;0;0;0;0;93;103
SCCON01S - Juízo Substituto da 1ª VF de Concórdia;7;0;3;1;0;0;2;1;2;0;0;0;0;0;0;0;0;0;61;74
Total 12 - CONCÓRDIA 02/2018 e-ProcV2;14;0;8;1;0;0;3;1;3;0;0;0;0;0;0;0;0;0;154;177
13 - RIO DO SUL
SCRSL01F - Juízo Federal da 1ª VF de Rio do Sul;7;0;1;2;0;0;1;1;9;0;0;0;0;0;0;0;0;0;105;118
SCRSL01S - Juízo Substituto da 1ª VF de Rio do Sul;8;0;2;0;0;2;1;1;10;0;0;0;0;0;0;0;0;0;107;121
Total 13 - RIO DO SUL 02/2018 e-ProcV2;15;0;3;2;0;2;2;2;19;0;0;0;0;0;0;0;0;0;212;239
14 - MAFRA
SCMFA01F - Juízo Federal da 1ª VF de Mafra;4;0;4;1;0;0;2;0;8;0;0;0;0;0;0;0;0;0;57;75
SCMFA01S - Juízo Substituto da 1ª VF de Mafra;7;0;1;0;0;0;2;2;7;0;0;0;0;0;0;0;0;0;63;75
Total 14 - MAFRA 02/2018 e-ProcV2;11;0;5;1;0;0;4;2;15;0;0;0;0;0;0;0;0;0;120;150
15 - BRUSQUE
SCBQE01F - Juízo Federal da 1ª VF de Brusque;7;0;1;0;0;0;8;0;3;0;0;0;0;0;0;0;0;0;37;40
SCBQE01S - Juízo Substituto da 1ª VF de Brusque;2;0;3;0;0;0;2;0;1;0;0;0;0;0;0;0;0;0;36;40
Total 15 - BRUSQUE 02/2018 e-ProcV2;9;0;4;0;0;0;10;0;4;0;0;0;0;0;0;0;0;0;73;80
16 - LAGUNA
SCLGA01F - Juízo Federal da 1ª VF de Laguna;2;0;6;0;0;0;4;0;6;0;0;0;0;0;0;0;0;0;36;40
SCLGA01S - Juízo Substituto da 1ª VF de Laguna;2;0;6;0;0;0;3;0;5;0;0;0;0;0;0;0;0;0;34;44
Total 16 - LAGUNA 02/2018 e-ProcV2;4;0;12;0;0;0;7;0;11;0;0;0;0;0;0;0;0;0;70;84
Total 02/2018 e-ProcV2;733;27;356;39;23;27;354;94;652;0;2;2;0;0;1;0;0;1;6188;7516
03/2018
00 - FLORIANÓPOLIS
SCFLP01F - Juízo Federal da 1ª VF de Florianópolis;94;1;3;2;0;3;7;1;8;0;0;0;0;0;0;0;0;0;445;458
SCFLP01S - Juízo Substituto da 1ª VF de Florianópolis;77;3;3;2;0;1;11;0;7;0;0;0;0;0;0;0;0;0;410;420
SCFLP02F - Juízo Federal da 2ª VF de Florianópolis;0;0;0;0;0;1;0;0;0;0;0;0;0;0;0;0;0;0;0;0
SCFLP07F - Juízo Federal da 7ª VF de Florianópolis;15;3;47;1;0;2;34;10;8;0;0;0;0;0;0;0;0;0;211;369
SCFLP07S - Juízo Substituto da 7ª VF de Florianópolis;9;4;24;2;1;1;23;7;18;0;0;0;0;0;0;0;0;0;213;337
SCFLP06F - Juízo Federal da 6ª VF de Florianópolis;7;0;8;1;0;0;7;4;12;0;0;0;0;0;0;0;0;0;96;109
SCFLP06S - Juízo Substituto da 6ª VF de Florianópolis;14;0;8;0;0;0;9;1;11;0;0;0;0;0;0;0;0;0;74;92
SCFLPCR01F - JUÍZO FED DA 01A VF CRIMINAL DE FLORIANÓPOLIS (DESATIVADA);0;0;0;0;0;0;0;0;0;0;0;0;0;0;0;0;0;0;1;1
SCFLPCR01S - JUÍZO SUBS DA 01A VF CRIMINAL DE FLORIANÓPOLIS (DESATIVADA);0;0;0;0;0;0;0;0;0;0;0;0;0;0;0;0;0;0;0;1
SCFLPCEMA - CENTRAL DE MANDADOS - FLORIANÓPOLIS;9;1;0;0;0;1;0;0;7;0;0;0;0;0;0;0;0;0;25;25
Total 00 - FLORIANÓPOLIS 03/2018 e-ProcV2;225;12;93;8;1;9;91;23;71;0;0;0;0;0;0;0;0;0;1475;1812
01 - JOINVILLE
SCJOI01F - Juízo Federal da 1ª VF de Joinville;50;1;51;5;0;0;59;7;81;0;0;0;0;0;0;0;0;0;234;285
SCJOI01S - Juízo Substituto da 1ª VF de Joinville;65;0;47;2;0;0;47;5;75;0;1;1;0;0;0;0;0;0;244;290
SCJOICEMA - CENTRAL DE MANDADOS - JOINVILLE;6;0;0;0;0;1;0;0;6;0;0;0;0;0;0;0;0;0;2;2
Total 01 - JOINVILLE 03/2018 e-ProcV2;121;1;98;7;0;1;106;12;162;0;1;1;0;0;0;0;0;0;480;577
02 - CHAPECÓ
SCCHA01F - Juízo Federal da 1ª VF de Chapecó;23;0;13;0;0;0;6;2;15;0;0;0;0;0;0;0;0;0;122;153
SCCHA01S - Juízo Substituto da 1ª VF de Chapecó;15;0;7;2;0;0;2;1;17;0;0;0;0;0;0;0;0;0;117;148
SCCHA02F - Juízo Federal da 2ª VF de Chapecó;16;1;15;0;0;0;17;5;7;0;0;0;0;0;0;0;0;0;134;195
SCCHA02S - Juízo Substituto da 2ª VF de Chapecó;20;0;17;0;0;1;13;2;6;0;0;0;0;0;0;0;0;0;166;219
SCCHACEMA - CENTRAL DE MANDADOS - CHAPECÓ;0;0;0;0;0;0;0;0;1;0;0;0;0;0;0;0;0;0;0;0
Total 02 - CHAPECÓ 03/2018 e-ProcV2;74;1;52;2;0;1;38;10;46;0;0;0;0;0;0;0;0;0;539;715
03 - JOAÇABA
SCJOA01F - Juízo Federal da 1ª VF de Joaçaba;13;0;8;0;0;2;7;5;22;0;0;0;0;0;0;0;0;0;123;169
SCJOA01S - Juízo Substituto da 1ª VF de Joaçaba;11;1;7;2;0;1;13;2;18;0;0;0;0;0;0;0;0;0;169;203
Total 03 - JOAÇABA 03/2018 e-ProcV2;24;1;15;2;0;3;20;7;40;0;0;0;0;0;0;0;0;0;292;372
04 - CRICIÚMA
SCCRI01F - Juízo Federal da 1ª VF de Criciúma;32;1;30;0;0;3;17;6;40;0;0;0;0;0;0;0;0;0;240;296
SCCRI01S - Juízo Substituto da 1ª VF de Criciúma;33;2;35;2;0;2;15;4;40;0;0;0;0;0;0;0;0;0;222;271
SCCRICEMA - CENTRAL DE MANDADOS - CRICIÚMA;3;1;0;0;0;0;0;0;2;0;0;0;0;0;0;0;0;0;6;6
Total 04 - CRICIÚMA 03/2018 e-ProcV2;68;4;65;2;0;5;32;10;82;0;0;0;0;0;0;0;0;0;468;573
05 - BLUMENAU
SCBLU05F - Juízo Federal da 5ª VF de Blumenau;36;8;19;3;0;3;12;5;30;0;0;0;0;0;0;0;0;0;190;222
SCBLU05S - Juízo Substituto da 5ª VF de Blumenau;33;3;20;2;0;6;17;4;37;0;0;0;0;0;0;0;0;0;196;229
SCBLUCEMA - CENTRAL DE MANDADOS - BLUMENAU;2;0;0;0;0;0;0;0;5;0;0;0;0;0;0;0;0;0;1;1
Total 05 - BLUMENAU 03/2018 e-ProcV2;71;11;39;5;0;9;29;9;72;0;0;0;0;0;0;0;0;0;387;452
06 - LAGES
SCLAG01F - Juízo Federal da 1ª VF de Lages;7;0;9;1;0;0;6;1;12;0;0;0;0;0;0;0;0;0;71;86
SCLAG01S - Juízo Substituto da 1ª VF de Lages;12;0;12;0;0;1;8;4;10;0;0;0;0;0;0;0;0;1;93;110
SCLAGCEMA - CENTRAL DE MANDADOS - LAGES;1;1;0;0;0;0;0;0;2;0;0;0;0;0;0;0;0;0;3;3
SCLAGCEJUA - JUÍZO A DO CEJUSCON DE LAGES;0;0;0;0;0;0;0;0;0;0;0;0;0;0;0;0;0;0;1;1
Total 06 - LAGES 03/2018 e-ProcV2;20;1;21;1;0;1;14;5;24;0;0;0;0;0;0;0;0;1;168;200
07 - TUBARÃO
SCTUB01F - Juízo Federal da 1ª VF de Tubarão;22;0;4;0;0;1;6;0;9;0;0;0;0;0;0;0;0;0;110;126
SCTUB01S - Juízo Substituto da 1ª VF de Tubarão;23;1;7;1;0;1;1;0;11;0;0;0;0;0;0;0;0;0;119;141
Total 07 - TUBARÃO 03/2018 e-ProcV2;45;1;11;1;0;2;7;0;20;0;0;0;0;0;0;0;0;0;229;267
08 - ITAJAÍ
SCITA01F - Juízo Federal da 1ª VF de Itajaí;43;3;5;12;0;4;9;0;51;0;0;0;0;0;0;0;0;0;396;430
SCITA01S - Juízo Substituto da 1ª VF de Itajaí;31;2;12;16;0;2;11;2;44;0;0;0;0;0;0;0;0;0;402;441
SCITA03F - Juízo Federal da 3ª VF de Itajaí;0;0;0;0;0;0;0;0;0;0;0;0;0;0;0;0;0;0;0;1
SCITACEMA - CENTRAL DE MANDADOS - ITAJAÍ;13;1;0;1;0;2;0;0;13;0;0;0;0;0;0;0;0;0;12;12
Total 08 - ITAJAÍ 03/2018 e-ProcV2;87;6;17;29;0;8;20;2;108;0;0;0;0;0;0;0;0;0;810;884
09 - JARAGUÁ DO SUL
SCJAR01F - Juízo Federal da 1ª VF de Jaraguá do Sul;6;1;3;0;0;0;1;2;5;0;0;0;0;0;0;0;0;0;59;70
SCJAR01S - Juízo Substituto da 1ª VF de Jaraguá do Sul;6;0;3;0;0;0;3;0;10;0;0;0;0;0;0;0;0;0;66;77
SCJARCEMA - CENTRAL DE MANDADOS - JARAGUÁ DO SUL;1;0;0;0;0;0;0;0;3;0;0;0;0;0;0;0;0;0;1;1
Total 09 - JARAGUÁ DO SUL 03/2018 e-ProcV2;13;1;6;0;0;0;4;2;18;0;0;0;0;0;0;0;0;0;126;148
10 - SÃO MIGUEL DO OESTE
SCSMO01F - Juízo Federal da 1ª VF de São Miguel do Oeste;29;0;34;1;0;0;6;1;5;0;0;0;0;0;0;0;0;0;279;387
SCSMO01S - Juízo Substituto da 1ª VF de São Miguel do Oeste;34;0;38;2;0;1;2;4;13;0;0;0;0;0;0;0;0;0;366;465
Total 10 - SÃO MIGUEL DO OESTE 03/2018 e-ProcV2;63;0;72;3;0;1;8;5;18;0;0;0;0;0;0;0;0;0;645;852
11 - CAÇADOR
SCCAC01F - Juízo Federal da 1ª VF de Caçador;30;0;8;0;0;0;3;0;8;0;0;0;0;0;0;0;0;0;100;120
SCCAC01S - Juízo Substituto da 1ª VF de Caçador;24;1;11;1;0;0;4;0;4;0;0;0;0;0;0;0;0;0;118;132
Total 11 - CAÇADOR 03/2018 e-ProcV2;54;1;19;1;0;0;7;0;12;0;0;0;0;0;0;0;0;0;218;252
12 - CONCÓRDIA
SCCON01F - Juízo Federal da 1ª VF de Concórdia;6;0;4;4;0;0;5;1;12;0;0;0;0;0;0;0;0;0;88;98
SCCON01S - Juízo Substituto da 1ª VF de Concórdia;12;0;3;4;0;1;5;0;7;0;0;0;0;0;0;0;0;0;61;76
Total 12 - CONCÓRDIA 03/2018 e-ProcV2;18;0;7;8;0;1;10;1;19;0;0;0;0;0;0;0;0;0;149;174
13 - RIO DO SUL
SCRSL01F - Juízo Federal da 1ª VF de Rio do Sul;5;0;0;1;0;0;1;1;3;0;0;0;0;0;0;0;0;0;105;119
SCRSL01S - Juízo Substituto da 1ª VF de Rio do Sul;2;0;0;2;0;0;1;0;2;0;0;0;0;0;0;0;0;0;104;122
Total 13 - RIO DO SUL 03/2018 e-ProcV2;7;0;0;3;0;0;2;1;5;0;0;0;0;0;0;0;0;0;209;241
14 - MAFRA
SCMFA01F - Juízo Federal da 1ª VF de Mafra;5;0;3;0;0;1;0;1;4;0;0;0;0;0;0;0;0;0;60;77
SCMFA01S - Juízo Substituto da 1ª VF de Mafra;5;0;2;0;0;0;5;0;6;0;0;0;0;0;0;0;0;0;60;71
Total 14 - MAFRA 03/2018 e-ProcV2;10;0;5;0;0;1;5;1;10;0;0;0;0;0;0;0;0;0;120;148
15 - BRUSQUE
SCBQE01F - Juízo Federal da 1ª VF de Brusque;2;1;2;0;0;0;4;0;8;0;0;0;0;0;0;0;0;0;32;33
SCBQE01S - Juízo Substituto da 1ª VF de Brusque;4;1;2;1;0;0;4;0;5;0;0;0;0;0;0;0;0;0;35;39
Total 15 - BRUSQUE 03/2018 e-ProcV2;6;2;4;1;0;0;8;0;13;0;0;0;0;0;0;0;0;0;67;72
16 - LAGUNA
SCLGA01F - Juízo Federal da 1ª VF de Laguna;9;0;5;1;0;1;8;1;10;0;0;0;0;0;0;0;0;0;31;35
SCLGA01S - Juízo Substituto da 1ª VF de Laguna;12;1;9;1;0;0;2;2;16;0;0;0;0;0;0;0;0;0;42;47
Total 16 - LAGUNA 03/2018 e-ProcV2;21;1;14;2;0;1;10;3;26;0;0;0;0;0;0;0;0;0;73;82
Total 03/2018 e-ProcV2;927;43;538;75;1;43;411;91;746;0;1;1;0;0;0;0;0;1;6455;7821
04/2018
00 - FLORIANÓPOLIS
SCFLP01F - Juízo Federal da 1ª VF de Florianópolis;46;0;1;4;0;1;5;0;85;0;0;0;0;0;0;0;0;0;398;416
SCFLP01S - Juízo Substituto da 1ª VF de Florianópolis;52;2;7;4;0;0;4;1;97;0;0;0;0;0;0;0;0;0;369;377
SCFLP07F - Juízo Federal da 7ª VF de Florianópolis;29;1;34;2;0;0;16;2;19;0;0;0;0;0;0;0;0;0;233;397
SCFLP07S - Juízo Substituto da 7ª VF de Florianópolis;27;0;28;0;0;3;15;5;21;0;0;0;0;0;0;0;0;0;213;348
SCFLP06F - Juízo Federal da 6ª VF de Florianópolis;14;0;6;0;0;0;5;4;7;0;0;0;0;0;0;0;0;0;92;110
SCFLP06S - Juízo Substituto da 6ª VF de Florianópolis;19;1;4;0;0;0;5;4;6;0;0;0;0;0;0;0;0;0;82;100
SCFLPCR01F - JUÍZO FED DA 01A VF CRIMINAL DE FLORIANÓPOLIS (DESATIVADA);0;0;0;0;0;0;0;0;0;0;0;0;0;0;0;0;0;0;1;1
SCFLPCR01S - JUÍZO SUBS DA 01A VF CRIMINAL DE FLORIANÓPOLIS (DESATIVADA);0;0;0;0;0;0;0;0;0;0;0;0;0;0;0;0;0;0;0;1
SCFLPCEMA - CENTRAL DE MANDADOS - FLORIANÓPOLIS;6;0;0;0;0;0;0;0;8;0;0;0;0;0;0;0;0;0;23;23
Total 00 - FLORIANÓPOLIS 04/2018 e-ProcV2;193;4;80;10;0;4;50;16;243;0;0;0;0;0;0;0;0;0;1411;1773
01 - JOINVILLE
SCJOI01F - Juízo Federal da 1ª VF de Joinville;67;0;54;6;0;1;55;3;60;0;0;0;0;0;0;0;0;0;251;303
SCJOI01S - Juízo Substituto da 1ª VF de Joinville;60;1;55;0;0;1;57;4;44;0;0;0;0;0;0;0;0;0;251;299
SCJOI02S - Juízo Substituto da 2ª VF de Joinville;0;0;0;0;0;1;0;0;0;0;0;0;0;0;0;0;0;0;0;0
SCJOICEMA - CENTRAL DE MANDADOS - JOINVILLE;0;0;0;0;0;0;0;0;2;0;0;0;0;0;0;0;0;0;0;0
Total 01 - JOINVILLE 04/2018 e-ProcV2;127;1;109;6;0;3;112;7;106;0;0;0;0;0;0;0;0;0;502;602
02 - CHAPECÓ
SCCHA01F - Juízo Federal da 1ª VF de Chapecó;20;0;15;0;0;1;15;5;27;0;0;0;0;0;0;0;0;0;111;140
SCCHA01S - Juízo Substituto da 1ª VF de Chapecó;20;2;8;0;0;2;16;1;18;0;0;0;0;0;0;0;0;0;114;140
SCCHA02F - Juízo Federal da 2ª VF de Chapecó;23;0;7;0;0;1;15;3;29;0;0;0;0;0;0;0;0;0;130;182
SCCHA02S - Juízo Substituto da 2ª VF de Chapecó;17;0;10;1;0;1;7;3;21;0;0;0;0;0;0;0;0;0;165;215
Total 02 - CHAPECÓ 04/2018 e-ProcV2;80;2;40;1;0;5;53;12;95;0;0;0;0;0;0;0;0;0;520;677
03 - JOAÇABA
SCJOA01F - Juízo Federal da 1ª VF de Joaçaba;8;1;16;0;0;0;18;7;12;0;0;0;0;0;0;0;0;0;124;157
SCJOA01S - Juízo Substituto da 1ª VF de Joaçaba;11;0;16;0;0;0;25;5;10;0;0;0;0;0;0;0;0;0;150;190
Total 03 - JOAÇABA 04/2018 e-ProcV2;19;1;32;0;0;0;43;12;22;0;0;0;0;0;0;0;0;0;274;347
04 - CRICIÚMA
SCCRI01F - Juízo Federal da 1ª VF de Criciúma;41;2;47;4;0;1;13;6;43;0;0;0;0;0;0;0;0;0;267;328
SCCRI01S - Juízo Substituto da 1ª VF de Criciúma;25;0;27;2;0;2;13;5;42;0;0;0;0;0;0;0;0;0;226;262
SCCRICEMA - CENTRAL DE MANDADOS - CRICIÚMA;3;2;0;0;0;0;0;0;6;0;0;0;0;0;0;0;0;0;5;5
Total 04 - CRICIÚMA 04/2018 e-ProcV2;69;4;74;6;0;3;26;11;91;0;0;0;0;0;0;0;0;0;498;595
05 - BLUMENAU
SCBLU05F - Juízo Federal da 5ª VF de Blumenau;35;2;16;1;0;1;13;3;45;0;0;1;0;0;0;0;0;0;179;210
SCBLU05S - Juízo Substituto da 5ª VF de Blumenau;34;1;21;2;0;0;19;4;40;0;0;0;0;0;0;0;0;0;191;222
SCBLUCEMA - CENTRAL DE MANDADOS - BLUMENAU;2;0;0;0;0;0;0;0;1;0;0;0;0;0;0;0;0;0;2;2
Total 05 - BLUMENAU 04/2018 e-ProcV2;71;3;37;3;0;1;32;7;86;0;0;1;0;0;0;0;0;0;372;434
06 - LAGES
SCLAG01F - Juízo Federal da 1ª VF de Lages;17;0;8;0;2;0;6;2;7;0;0;0;0;0;0;0;0;0;78;98
SCLAG01S - Juízo Substituto da 1ª VF de Lages;9;0;15;2;1;0;5;0;18;0;0;0;0;1;0;0;0;0;94;116
SCLAGCEMA - CENTRAL DE MANDADOS - LAGES;3;0;0;0;0;0;0;0;3;0;0;0;0;0;0;0;0;0;3;3
Total 06 - LAGES 04/2018 e-ProcV2;29;0;23;2;3;0;11;2;28;0;0;0;0;1;0;0;0;0;175;217
07 - TUBARÃO
SCTUB01F - Juízo Federal da 1ª VF de Tubarão;10;1;10;0;0;1;6;3;20;0;0;0;0;0;0;0;0;0;104;118
SCTUB01S - Juízo Substituto da 1ª VF de Tubarão;9;1;13;3;0;1;6;4;26;0;0;0;0;0;0;0;0;0;107;128
SCTUBCEMA - CENTRAL DE MANDADOS - TUBARÃO;2;0;0;0;0;0;0;0;0;0;0;0;0;0;0;0;0;0;2;2
Total 07 - TUBARÃO 04/2018 e-ProcV2;21;2;23;3;0;2;12;7;46;0;0;0;0;0;0;0;0;0;213;248
08 - ITAJAÍ
SCITA01F - Juízo Federal da 1ª VF de Itajaí;51;0;9;6;0;2;4;6;49;0;0;0;0;0;0;0;0;0;399;436
SCITA01S - Juízo Substituto da 1ª VF de Itajaí;35;2;5;7;0;1;2;4;40;0;0;0;0;0;0;0;0;0;410;443
SCITA03F - Juízo Federal da 3ª VF de Itajaí;0;0;0;0;0;0;0;0;1;0;0;0;0;0;0;0;0;0;0;0
SCITACEMA - CENTRAL DE MANDADOS - ITAJAÍ;13;0;0;0;0;0;0;0;11;0;0;0;0;0;0;0;0;0;14;14
Total 08 - ITAJAÍ 04/2018 e-ProcV2;99;2;14;13;0;3;6;10;101;0;0;0;0;0;0;0;0;0;823;893
09 - JARAGUÁ DO SUL
SCJAR01F - Juízo Federal da 1ª VF de Jaraguá do Sul;15;0;6;0;0;0;4;5;15;0;0;0;0;0;0;0;0;0;60;66
SCJAR01S - Juízo Substituto da 1ª VF de Jaraguá do Sul;11;1;4;0;0;0;1;2;9;0;0;0;0;0;0;0;0;0;66;79
SCJARCEMA - CENTRAL DE MANDADOS - JARAGUÁ DO SUL;1;0;0;0;0;0;0;0;0;0;0;0;0;0;0;0;0;0;2;2
Total 09 - JARAGUÁ DO SUL 04/2018 e-ProcV2;27;1;10;0;0;0;5;7;24;0;0;0;0;0;0;0;0;0;128;147
10 - SÃO MIGUEL DO OESTE
SCSMO01F - Juízo Federal da 1ª VF de São Miguel do Oeste;20;0;14;3;0;0;10;5;34;0;0;0;0;0;0;0;0;0;282;378
SCSMO01S - Juízo Substituto da 1ª VF de São Miguel do Oeste;25;1;17;1;0;0;28;10;32;0;0;0;0;0;0;0;0;0;346;439
Total 10 - SÃO MIGUEL DO OESTE 04/2018 e-ProcV2;45;1;31;4;0;0;38;15;66;0;0;0;0;0;0;0;0;0;628;817
11 - CAÇADOR
SCCAC01F - Juízo Federal da 1ª VF de Caçador;7;0;2;0;0;2;8;4;15;0;0;0;0;0;0;0;0;0;84;100
SCCAC01S - Juízo Substituto da 1ª VF de Caçador;10;0;9;0;0;0;9;2;22;0;0;0;0;0;0;0;0;0;105;119
Total 11 - CAÇADOR 04/2018 e-ProcV2;17;0;11;0;0;2;17;6;37;0;0;0;0;0;0;0;0;0;189;219
12 - CONCÓRDIA
SCCON01F - Juízo Federal da 1ª VF de Concórdia;10;1;4;1;0;0;4;0;7;0;0;0;0;0;0;0;0;0;84;101
SCCON01S - Juízo Substituto da 1ª VF de Concórdia;6;1;3;0;0;1;4;0;4;0;0;0;0;0;0;0;0;0;63;78
Total 12 - CONCÓRDIA 04/2018 e-ProcV2;16;2;7;1;0;1;8;0;11;0;0;0;0;0;0;0;0;0;147;179
13 - RIO DO SUL
SCRSL01F - Juízo Federal da 1ª VF de Rio do Sul;3;0;4;1;0;0;1;2;8;0;0;0;0;0;0;0;0;0;93;115
SCRSL01S - Juízo Substituto da 1ª VF de Rio do Sul;12;0;0;0;0;0;0;1;9;0;0;0;0;0;0;0;0;0;99;122
Total 13 - RIO DO SUL 04/2018 e-ProcV2;15;0;4;1;0;0;1;3;17;0;0;0;0;0;0;0;0;0;192;237
14 - MAFRA
SCMFA01F - Juízo Federal da 1ª VF de Mafra;8;0;2;0;0;0;1;1;5;0;0;0;0;0;0;0;0;0;61;79
SCMFA01S - Juízo Substituto da 1ª VF de Mafra;6;0;2;0;0;0;2;0;9;0;0;0;0;0;0;0;0;0;56;68
Total 14 - MAFRA 04/2018 e-ProcV2;14;0;4;0;0;0;3;1;14;0;0;0;0;0;0;0;0;0;117;147
15 - BRUSQUE
SCBQE01F - Juízo Federal da 1ª VF de Brusque;2;0;7;0;0;0;1;0;4;0;0;0;0;0;0;0;0;0;36;36
SCBQE01S - Juízo Substituto da 1ª VF de Brusque;4;0;5;0;0;0;7;0;1;0;0;0;0;0;0;0;0;0;36;40
Total 15 - BRUSQUE 04/2018 e-ProcV2;6;0;12;0;0;0;8;0;5;0;0;0;0;0;0;0;0;0;72;76
16 - LAGUNA
SCLGA01F - Juízo Federal da 1ª VF de Laguna;3;2;10;0;0;1;2;0;3;0;0;0;0;0;0;0;0;0;39;44
SCLGA01S - Juízo Substituto da 1ª VF de Laguna;6;0;7;0;0;1;2;0;3;0;0;0;0;0;0;0;0;0;50;54
Total 16 - LAGUNA 04/2018 e-ProcV2;9;2;17;0;0;2;4;0;6;0;0;0;0;0;0;0;0;0;89;98
Total 04/2018 e-ProcV2;857;25;528;50;3;26;429;116;998;0;0;1;0;1;0;0;0;0;6350;7706
05/2018
00 - FLORIANÓPOLIS
SCFLP01F - Juízo Federal da 1ª VF de Florianópolis;53;2;6;6;0;2;22;0;118;0;0;0;0;0;0;0;0;0;317;334
SCFLP01S - Juízo Substituto da 1ª VF de Florianópolis;52;2;3;3;0;2;23;0;100;0;0;0;0;0;0;0;0;0;299;306
SCFLP07F - Juízo Federal da 7ª VF de Florianópolis;23;3;24;2;0;3;21;1;61;0;0;0;0;0;0;0;0;0;229;363
SCFLP07S - Juízo Substituto da 7ª VF de Florianópolis;21;3;25;1;0;3;18;3;43;0;0;0;0;0;0;0;0;0;209;330
SCFLP06F - Juízo Federal da 6ª VF de Florianópolis;8;2;4;1;0;0;2;1;11;0;0;0;0;0;0;0;0;0;92;111
SCFLP06S - Juízo Substituto da 6ª VF de Florianópolis;10;2;5;1;0;0;2;4;12;0;0;0;0;0;0;0;0;0;79;100
SCFLPCR01F - JUÍZO FED DA 01A VF CRIMINAL DE FLORIANÓPOLIS (DESATIVADA);0;0;0;0;0;0;0;0;1;0;0;0;0;0;0;0;0;0;0;0
SCFLPCR01S - JUÍZO SUBS DA 01A VF CRIMINAL DE FLORIANÓPOLIS (DESATIVADA);0;0;0;0;0;0;0;0;1;0;0;0;0;0;0;0;0;0;0;0
SCFLPCEMA - CENTRAL DE MANDADOS - FLORIANÓPOLIS;9;0;0;0;0;0;0;0;5;0;0;0;0;0;0;0;0;0;27;27
Total 00 - FLORIANÓPOLIS 05/2018 e-ProcV2;176;14;67;14;0;10;88;9;352;0;0;0;0;0;0;0;0;0;1252;1571
01 - JOINVILLE
SCJOI01F - Juízo Federal da 1ª VF de Joinville;31;2;51;2;0;0;47;4;20;0;0;0;0;0;0;0;0;0;251;316
SCJOI01S - Juízo Substituto da 1ª VF de Joinville;51;1;52;2;0;2;51;7;17;0;0;0;0;0;0;0;0;0;276;322
SCJOICEMA - CENTRAL DE MANDADOS - JOINVILLE;3;1;0;0;0;0;0;0;2;0;0;0;0;0;0;0;0;0;2;2
Total 01 - JOINVILLE 05/2018 e-ProcV2;85;4;103;4;0;2;98;11;39;0;0;0;0;0;0;0;0;0;529;640
02 - CHAPECÓ
SCCHA01F - Juízo Federal da 1ª VF de Chapecó;9;0;12;1;0;3;8;6;12;0;0;0;0;0;0;0;0;0;95;133
SCCHA01S - Juízo Substituto da 1ª VF de Chapecó;15;2;10;1;0;1;9;5;20;0;0;0;0;0;0;0;0;0;107;131
SCCHA02F - Juízo Federal da 2ª VF de Chapecó;19;0;15;2;0;0;12;4;16;0;0;0;0;0;0;0;0;0;127;186
SCCHA02S - Juízo Substituto da 2ª VF de Chapecó;14;0;11;6;0;1;25;4;24;0;0;0;0;0;0;0;0;0;144;194
Total 02 - CHAPECÓ 05/2018 e-ProcV2;57;2;48;10;0;5;54;19;72;0;0;0;0;0;0;0;0;0;473;644
03 - JOAÇABA
SCJOA01F - Juízo Federal da 1ª VF de Joaçaba;10;1;11;1;0;0;5;1;23;0;0;0;0;0;0;0;0;0;118;151
SCJOA01S - Juízo Substituto da 1ª VF de Joaçaba;20;0;20;2;0;1;11;1;17;0;1;1;0;0;0;0;0;0;144;202
Total 03 - JOAÇABA 05/2018 e-ProcV2;30;1;31;3;0;1;16;2;40;0;1;1;0;0;0;0;0;0;262;353
04 - CRICIÚMA
SCCRI01F - Juízo Federal da 1ª VF de Criciúma;19;0;22;0;0;2;9;8;35;0;0;0;0;0;0;0;0;0;257;314
SCCRI01S - Juízo Substituto da 1ª VF de Criciúma;23;3;21;2;0;3;9;4;19;0;0;0;0;0;0;0;0;0;235;278
SCCRICEMA - CENTRAL DE MANDADOS - CRICIÚMA;1;1;0;0;0;0;0;0;3;0;0;0;0;0;0;0;0;0;4;4
Total 04 - CRICIÚMA 05/2018 e-ProcV2;43;4;43;2;0;5;18;12;57;0;0;0;0;0;0;0;0;0;496;596
05 - BLUMENAU
SCBLU05F - Juízo Federal da 5ª VF de Blumenau;21;1;16;1;0;1;9;8;20;0;0;0;0;0;0;0;0;0;174;209
SCBLU05S - Juízo Substituto da 5ª VF de Blumenau;25;0;23;1;0;2;20;10;17;0;0;0;0;0;0;0;0;0;193;221
SCBLUCEMA - CENTRAL DE MANDADOS - BLUMENAU;0;0;0;0;0;0;0;0;1;0;0;0;0;0;0;0;0;0;1;1
Total 05 - BLUMENAU 05/2018 e-ProcV2;46;1;39;2;0;3;29;18;38;0;0;0;0;0;0;0;0;0;368;431
06 - LAGES
SCLAG01F - Juízo Federal da 1ª VF de Lages;6;0;4;0;0;0;17;4;11;0;0;0;0;0;0;0;0;0;57;75
SCLAG01S - Juízo Substituto da 1ª VF de Lages;10;0;3;0;0;0;14;2;12;0;0;0;0;0;0;0;0;0;81;100
SCLAGCEMA - CENTRAL DE MANDADOS - LAGES;1;0;0;0;0;0;0;0;3;0;0;0;0;0;0;0;0;0;1;1
Total 06 - LAGES 05/2018 e-ProcV2;17;0;7;0;0;0;31;6;26;0;0;0;0;0;0;0;0;0;139;176
07 - TUBARÃO
SCTUB01F - Juízo Federal da 1ª VF de Tubarão;4;1;8;1;0;1;8;0;10;0;0;0;0;0;0;0;0;0;99;113
SCTUB01S - Juízo Substituto da 1ª VF de Tubarão;3;1;6;0;0;1;8;1;9;0;0;0;0;0;0;0;0;0;98;118
SCTUBCEMA - CENTRAL DE MANDADOS - TUBARÃO;1;0;0;0;0;0;0;0;1;0;0;0;0;0;0;0;0;0;2;2
Total 07 - TUBARÃO 05/2018 e-ProcV2;8;2;14;1;0;2;16;1;20;0;0;0;0;0;0;0;0;0;199;233
08 - ITAJAÍ
SCITA01F - Juízo Federal da 1ª VF de Itajaí;38;1;5;4;0;1;6;4;38;0;0;0;0;0;0;0;0;0;394;433
SCITA01S - Juízo Substituto da 1ª VF de Itajaí;38;0;5;4;0;1;11;2;42;0;0;0;0;0;0;0;0;0;401;432
SCITACEMA - CENTRAL DE MANDADOS - ITAJAÍ;11;0;0;0;0;0;0;0;11;0;0;0;0;0;0;0;0;0;14;14
Total 08 - ITAJAÍ 05/2018 e-ProcV2;87;1;10;8;0;2;17;6;91;0;0;0;0;0;0;0;0;0;809;879
09 - JARAGUÁ DO SUL
SCJAR01F - Juízo Federal da 1ª VF de Jaraguá do Sul;8;0;3;0;0;1;1;0;13;0;0;0;0;0;0;0;0;0;59;63
SCJAR01S - Juízo Substituto da 1ª VF de Jaraguá do Sul;14;0;1;0;0;0;3;3;9;0;0;0;0;0;0;0;0;0;64;75
SCJARCEMA - CENTRAL DE MANDADOS - JARAGUÁ DO SUL;1;0;0;0;0;0;0;0;2;0;0;0;0;0;0;0;0;0;1;1
Total 09 - JARAGUÁ DO SUL 05/2018 e-ProcV2;23;0;4;0;0;1;4;3;24;0;0;0;0;0;0;0;0;0;124;139
10 - SÃO MIGUEL DO OESTE
SCSMO01F - Juízo Federal da 1ª VF de São Miguel do Oeste;9;0;85;1;0;0;87;2;30;0;0;0;0;0;0;0;0;0;255;354
SCSMO01S - Juízo Substituto da 1ª VF de São Miguel do Oeste;14;0;91;0;0;0;85;3;37;0;0;0;0;0;0;0;0;0;317;419
Total 10 - SÃO MIGUEL DO OESTE 05/2018 e-ProcV2;23;0;176;1;0;0;172;5;67;0;0;0;0;0;0;0;0;0;572;773
11 - CAÇADOR
SCCAC01F - Juízo Federal da 1ª VF de Caçador;6;0;11;2;0;0;6;0;18;0;0;0;0;0;0;0;0;0;81;96
SCCAC01S - Juízo Substituto da 1ª VF de Caçador;11;0;6;1;0;0;5;0;19;0;0;0;0;0;0;0;0;0;92;113
Total 11 - CAÇADOR 05/2018 e-ProcV2;17;0;17;3;0;0;11;0;37;0;0;0;0;0;0;0;0;0;173;209
12 - CONCÓRDIA
SCCON01F - Juízo Federal da 1ª VF de Concórdia;30;0;4;0;0;0;5;0;7;0;0;0;0;0;0;0;0;0;105;124
SCCON01S - Juízo Substituto da 1ª VF de Concórdia;22;1;6;0;0;0;1;0;10;0;0;0;0;0;0;0;0;0;76;96
Total 12 - CONCÓRDIA 05/2018 e-ProcV2;52;1;10;0;0;0;6;0;17;0;0;0;0;0;0;0;0;0;181;220
13 - RIO DO SUL
SCRSL01F - Juízo Federal da 1ª VF de Rio do Sul;8;1;8;1;2;0;1;3;8;0;0;0;0;0;0;0;0;0;101;127
SCRSL01S - Juízo Substituto da 1ª VF de Rio do Sul;11;1;1;0;0;0;4;1;1;0;0;0;0;0;0;0;0;0;98;127
Total 13 - RIO DO SUL 05/2018 e-ProcV2;19;2;9;1;2;0;5;4;9;0;0;0;0;0;0;0;0;0;199;254
14 - MAFRA
SCMFA01F - Juízo Federal da 1ª VF de Mafra;2;0;2;1;0;0;7;0;2;0;0;0;0;0;0;0;0;0;56;75
SCMFA01S - Juízo Substituto da 1ª VF de Mafra;2;0;1;0;0;1;1;0;4;0;0;0;0;0;0;0;0;0;52;65
Total 14 - MAFRA 05/2018 e-ProcV2;4;0;3;1;0;1;8;0;6;0;0;0;0;0;0;0;0;0;108;140
15 - BRUSQUE
SCBQE01F - Juízo Federal da 1ª VF de Brusque;6;0;0;0;0;0;5;0;1;0;0;0;0;0;0;0;0;0;35;36
SCBQE01S - Juízo Substituto da 1ª VF de Brusque;1;0;8;0;0;0;8;1;5;0;0;0;0;0;0;0;0;0;29;35
Total 15 - BRUSQUE 05/2018 e-ProcV2;7;0;8;0;0;0;13;1;6;0;0;0;0;0;0;0;0;0;64;71
16 - LAGUNA
SCLGA01F - Juízo Federal da 1ª VF de Laguna;4;0;5;1;0;0;8;1;3;0;0;0;0;0;0;0;0;0;30;42
SCLGA01S - Juízo Substituto da 1ª VF de Laguna;7;0;4;0;0;0;10;1;2;0;0;0;0;0;0;0;0;0;45;52
Total 16 - LAGUNA 05/2018 e-ProcV2;11;0;9;1;0;0;18;2;5;0;0;0;0;0;0;0;0;0;75;94
Total 05/2018 e-ProcV2;705;32;598;51;2;32;604;99;906;0;1;1;0;0;0;0;0;0;6023;7423
06/2018
00 - FLORIANÓPOLIS
SCFLP01F - Juízo Federal da 1ª VF de Florianópolis;40;2;2;2;0;4;4;2;16;0;0;0;0;0;0;0;0;0;342;359
SCFLP01S - Juízo Substituto da 1ª VF de Florianópolis;42;1;4;4;0;1;5;1;14;0;0;0;0;0;0;0;0;0;331;340
SCFLP07F - Juízo Federal da 7ª VF de Florianópolis;27;4;28;4;0;1;14;3;33;0;0;0;0;0;2;0;0;2;247;372
SCFLP07S - Juízo Substituto da 7ª VF de Florianópolis;22;2;28;1;0;2;10;2;27;0;0;0;0;0;1;0;0;1;227;341
SCFLP06F - Juízo Federal da 6ª VF de Florianópolis;8;2;3;0;0;0;4;2;11;0;0;0;0;0;0;0;0;0;93;107
SCFLP06S - Juízo Substituto da 6ª VF de Florianópolis;21;0;3;0;0;0;10;2;10;0;0;0;0;0;0;0;0;0;85;101
SCFLPCR01F - JUÍZO FED DA 01A VF CRIMINAL DE FLORIANÓPOLIS (DESATIVADA);0;0;0;1;0;0;0;0;0;0;0;0;0;0;0;0;0;0;1;1
SCFLPCEMA - CENTRAL DE MANDADOS - FLORIANÓPOLIS;6;0;0;0;0;0;0;0;0;0;0;0;0;0;0;0;0;0;33;33
SCFLPCEJUA - JUÍZO A DO CEJUSCON DE FLORIANÓPOLIS;0;0;0;0;0;0;0;0;0;0;0;0;0;0;0;0;0;0;3;3
Total 00 - FLORIANÓPOLIS 06/2018 e-ProcV2;166;11;68;12;0;8;47;12;111;0;0;0;0;0;3;0;0;3;1362;1657
01 - JOINVILLE
SCJOI01F - Juízo Federal da 1ª VF de Joinville;57;111;76;4;0;0;58;7;68;0;0;0;0;0;0;0;0;0;342;428
SCJOI01S - Juízo Substituto da 1ª VF de Joinville;72;96;58;1;0;1;48;2;61;0;0;0;0;0;0;0;0;0;349;429
SCJOICEMA - CENTRAL DE MANDADOS - JOINVILLE;5;0;0;0;0;0;0;0;2;0;0;0;0;0;0;0;0;0;5;5
Total 01 - JOINVILLE 06/2018 e-ProcV2;134;207;134;5;0;1;106;9;131;0;0;0;0;0;0;0;0;0;696;862
02 - CHAPECÓ
SCCHA01F - Juízo Federal da 1ª VF de Chapecó;11;2;17;0;0;1;4;1;27;0;0;0;0;0;0;0;0;0;97;129
SCCHA01S - Juízo Substituto da 1ª VF de Chapecó;15;1;17;2;0;0;15;3;17;0;0;0;0;0;0;0;0;0;107;131
SCCHA02F - Juízo Federal da 2ª VF de Chapecó;17;0;13;1;0;1;11;6;34;0;0;0;0;0;0;0;0;0;117;165
SCCHA02S - Juízo Substituto da 2ª VF de Chapecó;19;0;16;0;0;1;15;2;33;0;0;0;0;0;0;0;0;0;132;178
SCCHACEMA - CENTRAL DE MANDADOS - CHAPECÓ;1;0;0;0;0;0;0;0;0;0;0;0;0;0;0;0;0;0;1;1
Total 02 - CHAPECÓ 06/2018 e-ProcV2;63;3;63;3;0;3;45;12;111;0;0;0;0;0;0;0;0;0;454;604
03 - JOAÇABA
SCJOA01F - Juízo Federal da 1ª VF de Joaçaba;12;1;13;1;0;7;17;3;11;0;0;0;0;0;0;0;0;0;98;140
SCJOA01S - Juízo Substituto da 1ª VF de Joaçaba;11;6;11;1;0;1;19;6;42;0;0;0;0;0;0;0;0;0;116;163
Total 03 - JOAÇABA 06/2018 e-ProcV2;23;7;24;2;0;8;36;9;53;0;0;0;0;0;0;0;0;0;214;303
04 - CRICIÚMA
SCCRI01F - Juízo Federal da 1ª VF de Criciúma;55;1;31;2;0;3;11;6;42;0;0;0;0;0;0;0;0;0;271;339
SCCRI01S - Juízo Substituto da 1ª VF de Criciúma;34;0;15;4;0;0;16;2;33;0;0;0;0;0;0;0;0;0;239;282
SCCRICEMA - CENTRAL DE MANDADOS - CRICIÚMA;0;3;0;0;0;1;0;0;0;0;0;0;0;0;0;0;0;0;6;6
Total 04 - CRICIÚMA 06/2018 e-ProcV2;89;4;46;6;0;4;27;8;75;0;0;0;0;0;0;0;0;0;516;627
05 - BLUMENAU
SCBLU05F - Juízo Federal da 5ª VF de Blumenau;29;0;13;0;0;1;3;2;39;0;1;0;0;0;0;0;0;0;171;207
SCBLU05S - Juízo Substituto da 5ª VF de Blumenau;31;0;19;1;0;1;6;7;35;0;1;0;0;0;0;0;0;0;205;225
SCBLUCEMA - CENTRAL DE MANDADOS - BLUMENAU;3;0;0;0;0;0;0;0;2;0;0;0;0;0;0;0;0;0;2;2
Total 05 - BLUMENAU 06/2018 e-ProcV2;63;0;32;1;0;2;9;9;76;0;2;0;0;0;0;0;0;0;378;434
06 - LAGES
SCLAG01F - Juízo Federal da 1ª VF de Lages;11;0;5;1;0;0;6;2;15;0;0;0;0;0;0;0;0;0;58;70
SCLAG01S - Juízo Substituto da 1ª VF de Lages;14;0;3;1;0;2;7;4;16;0;0;0;0;3;3;0;0;0;74;90
SCLAGCEMA - CENTRAL DE MANDADOS - LAGES;1;0;0;0;0;0;0;0;1;0;0;0;0;0;0;0;0;0;1;1
Total 06 - LAGES 06/2018 e-ProcV2;26;0;8;2;0;2;13;6;32;0;0;0;0;3;3;0;0;0;133;161
07 - TUBARÃO
SCTUB01F - Juízo Federal da 1ª VF de Tubarão;20;2;14;2;0;1;6;3;20;0;0;0;0;0;0;0;0;0;109;123
SCTUB01S - Juízo Substituto da 1ª VF de Tubarão;19;1;13;0;0;3;8;2;18;0;0;0;0;0;0;0;0;0;99;119
SCTUBCEMA - CENTRAL DE MANDADOS - TUBARÃO;3;0;0;0;0;1;0;0;0;0;0;0;0;0;0;0;0;0;4;4
Total 07 - TUBARÃO 06/2018 e-ProcV2;42;3;27;2;0;5;14;5;38;0;0;0;0;0;0;0;0;0;212;246
08 - ITAJAÍ
SCITA01F - Juízo Federal da 1ª VF de Itajaí;37;0;5;7;0;3;7;5;40;0;0;0;0;0;0;0;0;0;380;424
SCITA01S - Juízo Substituto da 1ª VF de Itajaí;45;2;4;2;0;0;6;1;47;0;0;0;0;0;0;0;0;0;399;428
SCITACEMA - CENTRAL DE MANDADOS - ITAJAÍ;10;0;0;0;0;0;0;0;12;0;0;0;0;0;0;0;0;0;12;12
Total 08 - ITAJAÍ 06/2018 e-ProcV2;92;2;9;9;0;3;13;6;99;0;0;0;0;0;0;0;0;0;791;864
09 - JARAGUÁ DO SUL
SCJAR01F - Juízo Federal da 1ª VF de Jaraguá do Sul;8;0;1;1;0;51;1;0;0;0;0;0;0;0;0;0;0;0;19;21
SCJAR01S - Juízo Substituto da 1ª VF de Jaraguá do Sul;3;0;3;1;0;58;0;0;2;0;0;0;0;0;0;0;0;0;23;27
SCJARCEMA - CENTRAL DE MANDADOS - JARAGUÁ DO SUL;0;0;0;0;0;0;0;0;0;0;0;0;0;0;0;0;0;0;1;1
Total 09 - JARAGUÁ DO SUL 06/2018 e-ProcV2;11;0;4;2;0;109;1;0;2;0;0;0;0;0;0;0;0;0;43;49
10 - SÃO MIGUEL DO OESTE
SCSMO01F - Juízo Federal da 1ª VF de São Miguel do Oeste;21;0;22;0;0;0;7;4;21;0;0;0;0;0;0;0;0;0;265;364
SCSMO01S - Juízo Substituto da 1ª VF de São Miguel do Oeste;25;0;39;2;0;0;8;6;24;0;0;0;0;0;0;0;0;0;347;446
Total 10 - SÃO MIGUEL DO OESTE 06/2018 e-ProcV2;46;0;61;2;0;0;15;10;45;0;0;0;0;0;0;0;0;0;612;810
11 - CAÇADOR
SCCAC01F - Juízo Federal da 1ª VF de Caçador;7;0;9;0;0;0;11;1;9;0;0;0;0;0;0;0;0;0;77;91
SCCAC01S - Juízo Substituto da 1ª VF de Caçador;12;0;6;0;1;0;7;2;14;0;0;0;0;0;0;0;0;0;91;111
Total 11 - CAÇADOR 06/2018 e-ProcV2;19;0;15;0;1;0;18;3;23;0;0;0;0;0;0;0;0;0;168;202
12 - CONCÓRDIA
SCCON01F - Juízo Federal da 1ª VF de Concórdia;6;1;6;4;0;0;7;1;10;0;0;0;0;0;0;0;0;0;104;123
SCCON01S - Juízo Substituto da 1ª VF de Concórdia;10;0;4;2;0;1;6;0;6;0;0;0;0;0;0;0;0;0;87;100
Total 12 - CONCÓRDIA 06/2018 e-ProcV2;16;1;10;6;0;1;13;1;16;0;0;0;0;0;0;0;0;0;191;223
13 - RIO DO SUL
SCRSL01F - Juízo Federal da 1ª VF de Rio do Sul;12;0;1;0;1;0;2;1;9;0;0;0;0;0;0;0;0;0;104;131
SCRSL01S - Juízo Substituto da 1ª VF de Rio do Sul;7;1;5;0;0;0;3;5;12;0;1;0;0;0;0;0;0;0;100;121
Total 13 - RIO DO SUL 06/2018 e-ProcV2;19;1;6;0;1;0;5;6;21;0;1;0;0;0;0;0;0;0;204;252
14 - MAFRA
SCMFA01F - Juízo Federal da 1ª VF de Mafra;2;0;2;4;0;59;0;0;1;0;0;0;0;0;0;0;0;0;22;25
SCMFA01S - Juízo Substituto da 1ª VF de Mafra;1;0;0;3;0;39;0;0;1;0;0;0;0;0;0;0;0;0;27;29
Total 14 - MAFRA 06/2018 e-ProcV2;3;0;2;7;0;98;0;0;2;0;0;0;0;0;0;0;0;0;49;54
15 - BRUSQUE
SCBQE01F - Juízo Federal da 1ª VF de Brusque;4;0;7;0;0;0;2;0;3;0;0;0;0;0;0;0;0;0;40;42
SCBQE01S - Juízo Substituto da 1ª VF de Brusque;6;2;6;1;0;0;0;0;7;0;0;0;0;0;0;0;0;0;37;42
Total 15 - BRUSQUE 06/2018 e-ProcV2;10;2;13;1;0;0;2;0;10;0;0;0;0;0;0;0;0;0;77;84
16 - LAGUNA
SCLGA01F - Juízo Federal da 1ª VF de Laguna;15;2;5;0;0;0;5;1;16;0;0;0;0;0;0;0;0;0;40;44
SCLGA01S - Juízo Substituto da 1ª VF de Laguna;15;1;11;0;0;0;13;1;11;0;0;0;0;0;0;0;0;0;48;53
Total 16 - LAGUNA 06/2018 e-ProcV2;30;3;16;0;0;0;18;2;27;0;0;0;0;0;0;0;0;0;88;97
Total 06/2018 e-ProcV2;852;244;538;60;2;244;382;98;872;0;3;0;0;3;6;0;0;3;6188;7529
07/2018
00 - FLORIANÓPOLIS
SCFLP01F - Juízo Federal da 1ª VF de Florianópolis;43;2;7;12;0;1;0;2;62;0;0;0;0;0;0;0;0;0;331;362
SCFLP01S - Juízo Substituto da 1ª VF de Florianópolis;45;0;1;4;0;2;1;1;57;0;0;0;0;0;0;0;0;0;319;333
SCFLP07F - Juízo Federal da 7ª VF de Florianópolis;20;2;29;2;0;5;22;1;36;0;0;0;0;3;1;0;0;0;240;362
SCFLP07S - Juízo Substituto da 7ª VF de Florianópolis;23;4;28;3;0;0;21;5;45;0;0;0;0;1;0;0;0;0;233;329
SCFLP06F - Juízo Federal da 6ª VF de Florianópolis;10;0;5;1;0;0;6;3;8;0;0;0;0;0;0;0;0;0;96;106
SCFLP06S - Juízo Substituto da 6ª VF de Florianópolis;12;0;4;0;0;0;5;7;13;0;1;0;0;0;0;0;0;0;77;92
SCFLPCR01F - JUÍZO FED DA 01A VF CRIMINAL DE FLORIANÓPOLIS (DESATIVADA);0;0;0;0;0;0;0;0;0;0;0;0;0;0;0;0;0;0;1;1
SCFLPCEMA - CENTRAL DE MANDADOS - FLORIANÓPOLIS;7;0;0;0;0;0;0;0;14;0;0;0;0;0;0;0;0;0;26;26
Total 00 - FLORIANÓPOLIS 07/2018 e-ProcV2;160;8;74;22;0;8;55;19;235;0;1;0;0;4;1;0;0;0;1323;1611
01 - JOINVILLE
SCJOI01F - Juízo Federal da 1ª VF de Joinville;48;25;76;6;0;3;67;5;77;0;0;0;0;0;0;0;0;0;357;431
SCJOI01S - Juízo Substituto da 1ª VF de Joinville;57;16;72;9;0;3;78;3;89;0;0;0;0;0;0;0;0;0;337;403
SCJOICEMA - CENTRAL DE MANDADOS - JOINVILLE;4;0;0;0;0;1;0;0;1;0;0;0;0;0;0;0;0;0;7;7
Total 01 - JOINVILLE 07/2018 e-ProcV2;109;41;148;15;0;7;145;8;167;0;0;0;0;0;0;0;0;0;701;841
02 - CHAPECÓ
SCCHA01F - Juízo Federal da 1ª VF de Chapecó;12;0;12;0;0;0;13;2;34;0;0;0;0;0;0;0;0;0;84;105
SCCHA01S - Juízo Substituto da 1ª VF de Chapecó;19;0;10;4;0;1;15;4;22;0;0;0;0;0;0;0;0;0;98;122
SCCHA02F - Juízo Federal da 2ª VF de Chapecó;26;8;17;0;0;2;15;1;32;0;0;0;0;0;0;0;0;0;126;166
SCCHA02S - Juízo Substituto da 2ª VF de Chapecó;15;1;9;1;0;9;10;3;23;0;0;0;0;0;0;0;0;0;120;160
SCCHACEMA - CENTRAL DE MANDADOS - CHAPECÓ;1;0;0;0;0;1;0;0;1;0;0;0;0;0;0;0;0;0;0;0
Total 02 - CHAPECÓ 07/2018 e-ProcV2;73;9;48;5;0;13;53;10;112;0;0;0;0;0;0;0;0;0;428;553
03 - JOAÇABA
SCJOA01F - Juízo Federal da 1ª VF de Joaçaba;12;2;11;0;0;2;15;4;16;0;0;0;0;0;0;0;0;0;85;128
SCJOA01S - Juízo Substituto da 1ª VF de Joaçaba;16;2;18;1;0;1;14;2;27;0;0;0;0;0;0;0;0;0;116;156
Total 03 - JOAÇABA 07/2018 e-ProcV2;28;4;29;1;0;3;29;6;43;0;0;0;0;0;0;0;0;0;201;284
04 - CRICIÚMA
SCCRI01F - Juízo Federal da 1ª VF de Criciúma;39;0;14;2;0;0;24;5;52;0;0;0;0;0;0;0;0;0;270;317
SCCRI01S - Juízo Substituto da 1ª VF de Criciúma;39;1;20;0;0;0;15;8;32;0;0;0;0;0;0;0;0;0;251;288
SCCRI02S - Juízo Substituto da 2ª VF de Criciúma;1;0;0;0;0;1;0;0;0;0;0;0;0;0;0;0;0;0;0;0
SCCRICEMA - CENTRAL DE MANDADOS - CRICIÚMA;3;0;0;0;0;0;0;0;4;0;0;0;0;0;0;0;0;0;5;5
Total 04 - CRICIÚMA 07/2018 e-ProcV2;82;1;34;2;0;1;39;13;88;0;0;0;0;0;0;0;0;0;526;610
05 - BLUMENAU
SCBLU05F - Juízo Federal da 5ª VF de Blumenau;43;2;9;0;0;1;4;3;34;0;0;0;0;0;0;0;0;0;181;219
SCBLU05S - Juízo Substituto da 5ª VF de Blumenau;22;0;27;2;0;1;13;6;29;0;0;0;0;0;0;0;0;0;194;229
SCBLUCEMA - CENTRAL DE MANDADOS - BLUMENAU;3;0;0;0;0;0;0;0;2;0;0;0;0;0;0;0;0;0;3;3
Total 05 - BLUMENAU 07/2018 e-ProcV2;68;2;36;2;0;2;17;9;65;0;0;0;0;0;0;0;0;0;378;451
06 - LAGES
SCLAG01F - Juízo Federal da 1ª VF de Lages;8;0;6;1;0;0;1;1;11;0;0;0;0;0;0;0;0;0;59;72
SCLAG01S - Juízo Substituto da 1ª VF de Lages;8;0;9;1;0;0;3;2;9;0;0;0;0;0;0;0;0;0;76;94
SCLAGCEMA - CENTRAL DE MANDADOS - LAGES;1;0;0;0;0;0;0;0;0;0;0;0;0;0;0;0;0;0;2;2
Total 06 - LAGES 07/2018 e-ProcV2;17;0;15;2;0;0;4;3;20;0;0;0;0;0;0;0;0;0;137;168
07 - TUBARÃO
SCTUB01F - Juízo Federal da 1ª VF de Tubarão;20;0;4;1;0;1;9;1;20;0;0;0;0;0;0;0;0;0;105;119
SCTUB01S - Juízo Substituto da 1ª VF de Tubarão;14;0;8;0;0;0;6;2;21;0;0;0;0;0;0;0;0;0;95;111
SCTUBCEMA - CENTRAL DE MANDADOS - TUBARÃO;0;0;0;0;0;0;0;0;3;0;0;0;0;0;0;0;0;0;1;1
Total 07 - TUBARÃO 07/2018 e-ProcV2;34;0;12;1;0;1;15;3;44;0;0;0;0;0;0;0;0;0;201;231
08 - ITAJAÍ
SCITA01F - Juízo Federal da 1ª VF de Itajaí;44;2;5;2;0;3;3;4;47;0;0;0;0;0;0;0;0;0;378;420
SCITA01S - Juízo Substituto da 1ª VF de Itajaí;47;3;7;2;0;1;4;1;56;0;0;0;0;0;0;0;0;0;382;426
SCITACEMA - CENTRAL DE MANDADOS - ITAJAÍ;11;0;0;1;0;1;0;0;6;0;0;0;0;0;0;0;0;0;17;17
Total 08 - ITAJAÍ 07/2018 e-ProcV2;102;5;12;5;0;5;7;5;109;0;0;0;0;0;0;0;0;0;777;863
09 - JARAGUÁ DO SUL
SCJAR01F - Juízo Federal da 1ª VF de Jaraguá do Sul;6;1;4;0;0;9;0;2;0;0;0;0;0;0;0;0;0;0;18;20
SCJAR01S - Juízo Substituto da 1ª VF de Jaraguá do Sul;10;0;1;0;0;15;0;0;0;0;0;0;0;0;0;0;0;0;19;26
SCJARCEMA - CENTRAL DE MANDADOS - JARAGUÁ DO SUL;0;0;0;0;0;0;0;0;0;0;0;0;0;0;0;0;0;0;1;1
Total 09 - JARAGUÁ DO SUL 07/2018 e-ProcV2;16;1;5;0;0;24;0;2;0;0;0;0;0;0;0;0;0;0;38;47
10 - SÃO MIGUEL DO OESTE
SCSMO01F - Juízo Federal da 1ª VF de São Miguel do Oeste;18;0;38;3;0;0;99;5;40;0;0;0;0;0;0;0;0;0;207;280
SCSMO01S - Juízo Substituto da 1ª VF de São Miguel do Oeste;8;0;43;4;0;0;88;6;58;0;0;0;0;0;0;0;0;0;259;347
Total 10 - SÃO MIGUEL DO OESTE 07/2018 e-ProcV2;26;0;81;7;0;0;187;11;98;0;0;0;0;0;0;0;0;0;466;627
11 - CAÇADOR
SCCAC01F - Juízo Federal da 1ª VF de Caçador;8;0;7;1;0;0;16;3;12;0;0;0;0;0;0;0;0;0;62;75
SCCAC01S - Juízo Substituto da 1ª VF de Caçador;10;0;9;0;0;0;20;5;12;0;0;0;0;0;0;0;0;0;72;92
Total 11 - CAÇADOR 07/2018 e-ProcV2;18;0;16;1;0;0;36;8;24;0;0;0;0;0;0;0;0;0;134;167
12 - CONCÓRDIA
SCCON01F - Juízo Federal da 1ª VF de Concórdia;14;1;3;0;0;0;2;0;6;0;0;0;0;0;0;0;0;0;117;133
SCCON01S - Juízo Substituto da 1ª VF de Concórdia;17;1;9;1;0;0;5;1;14;0;0;0;0;0;0;0;0;0;98;110
Total 12 - CONCÓRDIA 07/2018 e-ProcV2;31;2;12;1;0;0;7;1;20;0;0;0;0;0;0;0;0;0;215;243
13 - RIO DO SUL
SCRSL01F - Juízo Federal da 1ª VF de Rio do Sul;7;0;2;2;3;2;1;2;14;0;0;0;0;0;0;0;0;0;104;127
SCRSL01S - Juízo Substituto da 1ª VF de Rio do Sul;7;0;6;0;1;0;2;1;13;0;0;1;0;0;0;0;0;0;92;118
Total 13 - RIO DO SUL 07/2018 e-ProcV2;14;0;8;2;4;2;3;3;27;0;0;1;0;0;0;0;0;0;196;245
14 - MAFRA
SCMFA01F - Juízo Federal da 1ª VF de Mafra;4;0;0;0;0;5;0;0;5;0;0;0;0;0;0;0;0;0;15;20
SCMFA01S - Juízo Substituto da 1ª VF de Mafra;3;0;0;1;0;6;0;0;1;0;0;0;0;0;0;0;0;0;26;29
Total 14 - MAFRA 07/2018 e-ProcV2;7;0;0;1;0;11;0;0;6;0;0;0;0;0;0;0;0;0;41;49
15 - BRUSQUE
SCBQE01F - Juízo Federal da 1ª VF de Brusque;0;1;7;0;0;0;5;0;4;0;0;0;0;0;0;0;0;0;37;40
SCBQE01S - Juízo Substituto da 1ª VF de Brusque;2;2;4;0;0;0;3;0;7;0;0;0;0;0;0;0;0;0;35;39
Total 15 - BRUSQUE 07/2018 e-ProcV2;2;3;11;0;0;0;8;0;11;0;0;0;0;0;0;0;0;0;72;79
16 - LAGUNA
SCLGA01F - Juízo Federal da 1ª VF de Laguna;11;0;10;0;0;0;9;2;21;0;0;0;0;0;0;0;0;0;38;39
SCLGA01S - Juízo Substituto da 1ª VF de Laguna;10;1;11;0;0;0;12;2;13;0;0;0;0;0;0;0;0;0;37;48
Total 16 - LAGUNA 07/2018 e-ProcV2;21;1;21;0;0;0;21;4;34;0;0;0;0;0;0;0;0;0;75;87
Total 07/2018 e-ProcV2;808;77;562;67;4;77;626;105;1103;0;1;1;0;4;1;0;0;0;5909;7156
08/2018
00 - FLORIANÓPOLIS
SCFLP01F - Juízo Federal da 1ª VF de Florianópolis;54;4;8;6;0;3;8;7;47;0;0;0;0;0;0;0;0;0;334;370
SCFLP01S - Juízo Substituto da 1ª VF de Florianópolis;66;2;10;7;0;4;8;7;66;0;0;0;0;0;0;0;0;0;319;335
SCFLP07F - Juízo Federal da 7ª VF de Florianópolis;24;7;32;4;0;5;26;3;6;0;0;0;0;0;0;0;0;0;259;386
SCFLP07S - Juízo Substituto da 7ª VF de Florianópolis;22;8;29;2;0;4;26;1;7;0;0;0;0;0;0;0;0;0;246;344
SCFLP06F - Juízo Federal da 6ª VF de Florianópolis;22;0;7;4;1;1;7;2;12;0;0;0;0;0;0;0;0;0;105;118
SCFLP06S - Juízo Substituto da 6ª VF de Florianópolis;18;0;13;2;0;0;6;8;16;0;0;1;0;0;0;0;0;0;77;94
SCFLPCR01F - JUÍZO FED DA 01A VF CRIMINAL DE FLORIANÓPOLIS (DESATIVADA);0;0;0;0;0;0;0;0;0;0;0;0;0;0;0;0;0;0;1;1
SCFLPCEMA - CENTRAL DE MANDADOS - FLORIANÓPOLIS;8;2;0;1;0;0;0;0;8;0;0;0;0;0;0;0;0;0;29;29
Total 00 - FLORIANÓPOLIS 08/2018 e-ProcV2;214;23;99;26;1;17;81;28;162;0;0;1;0;0;0;0;0;0;1370;1677
01 - JOINVILLE
SCJOI01F - Juízo Federal da 1ª VF de Joinville;72;27;80;6;0;6;58;7;72;0;0;0;0;0;0;0;0;0;392;468
SCJOI01S - Juízo Substituto da 1ª VF de Joinville;72;27;69;3;0;15;56;7;86;0;0;0;0;0;0;0;0;0;346;418
SCJOICEMA - CENTRAL DE MANDADOS - JOINVILLE;3;0;0;0;0;0;0;0;8;0;0;0;0;0;0;0;0;0;2;2
Total 01 - JOINVILLE 08/2018 e-ProcV2;147;54;149;9;0;21;114;14;166;0;0;0;0;0;0;0;0;0;740;888
02 - CHAPECÓ
SCCHA01F - Juízo Federal da 1ª VF de Chapecó;9;0;23;5;0;1;10;3;8;0;0;0;0;0;0;0;0;0;92;119
SCCHA01S - Juízo Substituto da 1ª VF de Chapecó;11;1;27;4;0;0;7;1;12;0;0;0;0;0;0;0;0;0;114;142
SCCHA02F - Juízo Federal da 2ª VF de Chapecó;14;3;20;0;0;2;12;4;14;0;0;0;0;0;0;0;0;0;134;171
SCCHA02S - Juízo Substituto da 2ª VF de Chapecó;16;1;18;3;0;3;18;3;14;0;0;0;0;0;0;0;0;0;115;160
SCCHACEMA - CENTRAL DE MANDADOS - CHAPECÓ;2;0;0;0;0;0;0;0;1;0;0;0;0;0;0;0;0;0;1;1
Total 02 - CHAPECÓ 08/2018 e-ProcV2;52;5;88;12;0;6;47;11;49;0;0;0;0;0;0;0;0;0;456;593
03 - JOAÇABA
SCJOA01F - Juízo Federal da 1ª VF de Joaçaba;9;2;20;0;0;3;16;6;12;0;0;0;0;0;0;0;0;0;85;122
SCJOA01S - Juízo Substituto da 1ª VF de Joaçaba;9;3;25;0;0;0;15;4;14;0;0;0;0;0;0;0;0;0;113;160
Total 03 - JOAÇABA 08/2018 e-ProcV2;18;5;45;0;0;3;31;10;26;0;0;0;0;0;0;0;0;0;198;282
04 - CRICIÚMA
SCCRI01F - Juízo Federal da 1ª VF de Criciúma;27;1;24;3;0;5;4;5;34;0;0;0;0;0;0;0;0;0;276;324
SCCRI01S - Juízo Substituto da 1ª VF de Criciúma;28;4;14;3;0;0;3;2;22;0;0;0;0;0;0;0;0;0;262;309
SCCRICEMA - CENTRAL DE MANDADOS - CRICIÚMA;1;2;0;0;0;0;0;0;3;0;0;0;0;0;0;0;0;0;5;5
Total 04 - CRICIÚMA 08/2018 e-ProcV2;56;7;38;6;0;5;7;7;59;0;0;0;0;0;0;0;0;0;543;638
05 - BLUMENAU
SCBLU01S - Juízo Substituto da 1ª VF de Blumenau;1;0;0;0;0;1;0;0;0;0;0;0;0;0;0;0;0;0;0;0
SCBLU05F - Juízo Federal da 5ª VF de Blumenau;54;2;13;2;0;0;3;2;33;0;0;1;0;0;0;0;0;0;209;249
SCBLU05S - Juízo Substituto da 5ª VF de Blumenau;32;0;19;4;0;3;5;4;24;0;0;0;0;0;0;0;0;0;203;247
SCBLUCEMA - CENTRAL DE MANDADOS - BLUMENAU;1;1;0;0;0;1;0;0;1;0;0;0;0;0;0;0;0;0;3;3
Total 05 - BLUMENAU 08/2018 e-ProcV2;88;3;32;6;0;5;8;6;58;0;0;1;0;0;0;0;0;0;415;499
06 - LAGES
SCLAG01F - Juízo Federal da 1ª VF de Lages;5;0;9;0;0;0;4;2;9;0;0;0;0;0;0;0;0;0;56;71
SCLAG01S - Juízo Substituto da 1ª VF de Lages;11;0;6;1;0;1;8;2;10;0;0;0;0;0;0;0;0;0;77;91
SCLAGCEMA - CENTRAL DE MANDADOS - LAGES;1;0;0;0;0;0;0;0;3;0;0;0;0;0;0;0;0;0;0;0
Total 06 - LAGES 08/2018 e-ProcV2;17;0;15;1;0;1;12;4;22;0;0;0;0;0;0;0;0;0;133;162
07 - TUBARÃO
SCTUB01F - Juízo Federal da 1ª VF de Tubarão;27;0;10;1;0;1;7;1;24;0;0;0;0;0;0;0;0;0;110;124
SCTUB01S - Juízo Substituto da 1ª VF de Tubarão;12;1;8;2;0;0;11;1;19;0;0;0;0;0;0;0;0;0;91;102
SCTUBCEMA - CENTRAL DE MANDADOS - TUBARÃO;2;0;0;0;0;0;0;0;1;0;0;0;0;0;0;0;0;0;2;2
Total 07 - TUBARÃO 08/2018 e-ProcV2;41;1;18;3;0;1;18;2;44;0;0;0;0;0;0;0;0;0;203;228
08 - ITAJAÍ
SCITA01F - Juízo Federal da 1ª VF de Itajaí;58;3;3;12;0;2;3;3;51;0;0;0;0;0;0;0;0;0;402;438
SCITA01S - Juízo Substituto da 1ª VF de Itajaí;50;0;14;10;0;3;1;2;43;0;0;0;0;0;0;0;0;0;394;451
SCITACEMA - CENTRAL DE MANDADOS - ITAJAÍ;6;0;0;2;0;0;0;0;16;0;0;0;0;0;0;0;0;0;9;9
Total 08 - ITAJAÍ 08/2018 e-ProcV2;114;3;17;24;0;5;4;5;110;0;0;0;0;0;0;0;0;0;805;898
09 - JARAGUÁ DO SUL
SCJAR01F - Juízo Federal da 1ª VF de Jaraguá do Sul;5;0;6;0;0;8;0;0;1;0;0;0;0;0;0;0;0;0;19;21
SCJAR01S - Juízo Substituto da 1ª VF de Jaraguá do Sul;4;0;2;0;0;12;0;0;1;0;0;0;0;0;0;0;0;0;18;21
SCJARCEMA - CENTRAL DE MANDADOS - JARAGUÁ DO SUL;0;0;0;0;0;0;0;0;1;0;0;0;0;0;0;0;0;0;0;0
Total 09 - JARAGUÁ DO SUL 08/2018 e-ProcV2;9;0;8;0;0;20;0;0;3;0;0;0;0;0;0;0;0;0;37;42
10 - SÃO MIGUEL DO OESTE
SCSMO01F - Juízo Federal da 1ª VF de São Miguel do Oeste;12;0;74;10;0;0;29;4;13;0;0;0;0;0;0;0;0;0;252;330
SCSMO01S - Juízo Substituto da 1ª VF de São Miguel do Oeste;17;0;66;12;0;0;24;3;21;0;0;0;0;0;0;0;0;0;301;391
Total 10 - SÃO MIGUEL DO OESTE 08/2018 e-ProcV2;29;0;140;22;0;0;53;7;34;0;0;0;0;0;0;0;0;0;553;721
11 - CAÇADOR
SCCAC01F - Juízo Federal da 1ª VF de Caçador;16;1;13;3;1;1;11;1;10;0;0;0;0;0;0;0;0;0;72;85
SCCAC01S - Juízo Substituto da 1ª VF de Caçador;10;0;18;5;1;0;11;5;13;0;0;0;0;0;0;0;0;0;83;102
Total 11 - CAÇADOR 08/2018 e-ProcV2;26;1;31;8;2;1;22;6;23;0;0;0;0;0;0;0;0;0;155;187
12 - CONCÓRDIA
SCCON01F - Juízo Federal da 1ª VF de Concórdia;11;0;7;2;0;0;6;1;16;0;0;0;0;0;0;0;0;0;110;130
SCCON01S - Juízo Substituto da 1ª VF de Concórdia;9;0;3;1;0;2;3;0;9;0;0;0;0;0;0;0;0;0;91;110
Total 12 - CONCÓRDIA 08/2018 e-ProcV2;20;0;10;3;0;2;9;1;25;0;0;0;0;0;0;0;0;0;201;240
13 - RIO DO SUL
SCRSL01F - Juízo Federal da 1ª VF de Rio do Sul;4;1;3;14;0;1;6;1;18;0;1;0;0;0;0;0;0;0;101;123
SCRSL01S - Juízo Substituto da 1ª VF de Rio do Sul;6;0;1;12;0;0;14;2;17;0;0;0;0;0;0;0;0;0;84;103
Total 13 - RIO DO SUL 08/2018 e-ProcV2;10;1;4;26;0;1;20;3;35;0;1;0;0;0;0;0;0;0;185;226
14 - MAFRA
SCMFA01F - Juízo Federal da 1ª VF de Mafra;3;0;1;0;0;5;0;0;0;0;0;0;0;0;0;0;0;0;12;20
SCMFA01S - Juízo Substituto da 1ª VF de Mafra;7;0;1;0;1;10;3;0;1;0;0;0;0;0;0;0;0;0;22;26
Total 14 - MAFRA 08/2018 e-ProcV2;10;0;2;0;1;15;3;0;1;0;0;0;0;0;0;0;0;0;34;46
15 - BRUSQUE
SCBQE01F - Juízo Federal da 1ª VF de Brusque;7;0;9;0;0;0;2;0;9;0;0;0;0;0;0;0;0;0;41;46
SCBQE01S - Juízo Substituto da 1ª VF de Brusque;7;0;2;1;0;0;3;2;6;0;0;0;0;0;0;0;0;0;35;38
Total 15 - BRUSQUE 08/2018 e-ProcV2;14;0;11;1;0;0;5;2;15;0;0;0;0;0;0;0;0;0;76;84
16 - LAGUNA
SCLGA01F - Juízo Federal da 1ª VF de Laguna;13;1;6;1;0;2;8;0;10;0;0;0;0;0;0;0;0;0;36;40
SCLGA01S - Juízo Substituto da 1ª VF de Laguna;19;3;10;0;0;2;13;3;15;0;0;0;0;0;0;0;0;0;39;45
Total 16 - LAGUNA 08/2018 e-ProcV2;32;4;16;1;0;4;21;3;25;0;0;0;0;0;0;0;0;0;75;85
Total 08/2018 e-ProcV2;897;107;723;148;4;107;455;109;857;0;1;2;0;0;0;0;0;0;6179;7496
09/2018
00 - FLORIANÓPOLIS
SCFLP01F - Juízo Federal da 1ª VF de Florianópolis;27;3;4;7;0;4;15;5;70;0;0;0;0;0;0;0;0;0;289;321
SCFLP01S - Juízo Substituto da 1ª VF de Florianópolis;37;2;6;8;0;4;13;2;64;0;0;0;0;0;0;0;0;0;278;297
SCFLP07F - Juízo Federal da 7ª VF de Florianópolis;27;4;27;2;0;1;20;0;85;0;0;0;0;0;0;0;0;0;244;336
SCFLP07S - Juízo Substituto da 7ª VF de Florianópolis;25;2;25;1;0;1;17;0;53;0;0;0;0;0;0;0;0;0;235;323
SCFLP06F - Juízo Federal da 6ª VF de Florianópolis;10;0;7;1;0;1;3;2;8;0;0;0;0;0;0;0;0;0;110;122
SCFLP06S - Juízo Substituto da 6ª VF de Florianópolis;9;0;10;0;2;1;4;5;7;0;0;0;0;0;0;0;0;0;75;97
SCFLPCR01F - JUÍZO FED DA 01A VF CRIMINAL DE FLORIANÓPOLIS (DESATIVADA);0;0;0;0;0;0;0;0;0;0;0;0;0;0;0;0;0;0;1;1
SCFLPCEMA - CENTRAL DE MANDADOS - FLORIANÓPOLIS;9;1;0;0;0;0;0;0;6;0;0;0;0;0;0;0;0;0;33;33
Total 00 - FLORIANÓPOLIS 09/2018 e-ProcV2;144;12;79;19;2;12;72;14;293;0;0;0;0;0;0;0;0;0;1265;1530
01 - JOINVILLE
SCJOI01F - Juízo Federal da 1ª VF de Joinville;43;13;58;4;1;2;63;4;81;0;0;0;0;0;0;0;0;0;368;439
SCJOI01S - Juízo Substituto da 1ª VF de Joinville;44;18;58;3;1;4;42;3;65;0;0;0;0;0;0;0;0;0;339;422
SCJOI03S - Juízo Substituto da 3ª VF de Joinville;2;0;0;0;0;2;0;0;0;0;0;0;0;0;0;0;0;0;0;0
SCJOICEMA - CENTRAL DE MANDADOS - JOINVILLE;3;0;0;0;0;0;0;0;2;0;0;0;0;0;0;0;0;0;3;3
Total 01 - JOINVILLE 09/2018 e-ProcV2;92;31;116;7;2;8;105;7;148;0;0;0;0;0;0;0;0;0;710;864
02 - CHAPECÓ
SCCHA01F - Juízo Federal da 1ª VF de Chapecó;9;2;16;6;0;2;5;1;14;0;0;0;0;0;0;0;0;0;93;128
SCCHA01S - Juízo Substituto da 1ª VF de Chapecó;9;2;17;6;0;2;10;2;12;0;0;0;0;0;0;0;0;0;125;150
SCCHA02F - Juízo Federal da 2ª VF de Chapecó;18;0;14;1;7;1;9;0;12;0;0;0;0;0;0;0;0;0;144;189
SCCHA02S - Juízo Substituto da 2ª VF de Chapecó;9;0;19;1;6;0;9;0;7;0;0;0;0;0;0;0;0;0;134;180
SCCHACEMA - CENTRAL DE MANDADOS - CHAPECÓ;1;0;0;0;0;0;0;0;2;0;0;0;0;0;0;0;0;0;0;0
Total 02 - CHAPECÓ 09/2018 e-ProcV2;46;4;66;14;13;5;33;3;47;0;0;0;0;0;0;0;0;0;496;647
03 - JOAÇABA
SCJOA01F - Juízo Federal da 1ª VF de Joaçaba;11;1;13;1;2;1;9;2;8;0;0;0;0;0;0;0;0;0;89;130
SCJOA01S - Juízo Substituto da 1ª VF de Joaçaba;4;3;11;5;4;1;9;7;11;0;0;0;0;0;0;0;0;0;112;158
Total 03 - JOAÇABA 09/2018 e-ProcV2;15;4;24;6;6;2;18;9;19;0;0;0;0;0;0;0;0;0;201;288
04 - CRICIÚMA
SCCRI01F - Juízo Federal da 1ª VF de Criciúma;34;2;18;5;18;4;7;0;50;0;0;0;0;0;0;0;0;0;287;340
SCCRI01S - Juízo Substituto da 1ª VF de Criciúma;33;5;17;6;18;1;11;10;55;0;0;0;0;0;0;0;0;0;276;309
SCCRI02S - Juízo Substituto da 2ª VF de Criciúma;2;0;0;0;0;2;0;0;0;0;0;0;0;0;0;0;0;0;0;0
SCCRICEMA - CENTRAL DE MANDADOS - CRICIÚMA;0;0;0;0;0;0;0;0;2;0;0;0;0;0;0;0;0;0;3;3
Total 04 - CRICIÚMA 09/2018 e-ProcV2;69;7;35;11;36;7;18;10;107;0;0;0;0;0;0;0;0;0;566;652
05 - BLUMENAU
SCBLU05F - Juízo Federal da 5ª VF de Blumenau;33;2;14;1;0;2;4;1;44;0;0;0;0;0;0;0;0;0;197;244
SCBLU05S - Juízo Substituto da 5ª VF de Blumenau;27;0;17;0;0;1;1;2;32;0;0;1;0;0;0;0;0;0;208;257
SCBLUCEMA - CENTRAL DE MANDADOS - BLUMENAU;0;0;0;0;0;0;0;0;0;0;0;0;0;0;0;0;0;0;3;3
Total 05 - BLUMENAU 09/2018 e-ProcV2;60;2;31;1;0;3;5;3;76;0;0;1;0;0;0;0;0;0;408;504
06 - LAGES
SCLAG01F - Juízo Federal da 1ª VF de Lages;22;0;13;0;1;2;9;0;22;0;0;0;0;0;0;0;0;0;65;74
SCLAG01S - Juízo Substituto da 1ª VF de Lages;18;0;17;0;0;0;12;2;15;0;0;0;0;0;0;0;0;0;82;98
SCLAGCEMA - CENTRAL DE MANDADOS - LAGES;2;0;0;0;0;0;0;0;0;0;0;0;0;0;0;0;0;0;2;2
Total 06 - LAGES 09/2018 e-ProcV2;42;0;30;0;1;2;21;2;37;0;0;0;0;0;0;0;0;0;149;174
07 - TUBARÃO
SCTUB01F - Juízo Federal da 1ª VF de Tubarão;12;0;5;0;0;1;10;1;13;0;0;0;0;0;0;0;0;0;103;113
SCTUB01S - Juízo Substituto da 1ª VF de Tubarão;13;2;8;1;0;0;8;1;13;0;0;0;0;0;0;0;0;0;98;105
SCTUBCEMA - CENTRAL DE MANDADOS - TUBARÃO;4;0;0;0;0;0;0;0;0;0;0;0;0;0;0;0;0;0;6;6
Total 07 - TUBARÃO 09/2018 e-ProcV2;29;2;13;1;0;1;18;2;26;0;0;0;0;0;0;0;0;0;207;224
08 - ITAJAÍ
SCITA01F - Juízo Federal da 1ª VF de Itajaí;19;1;11;4;0;2;7;2;44;0;0;0;0;0;0;0;0;0;366;414
SCITA01S - Juízo Substituto da 1ª VF de Itajaí;21;1;8;3;0;2;2;7;60;0;0;0;0;0;0;0;0;0;357;411
SCITACEMA - CENTRAL DE MANDADOS - ITAJAÍ;12;0;0;1;0;0;0;0;4;0;0;0;0;0;0;0;0;0;18;18
Total 08 - ITAJAÍ 09/2018 e-ProcV2;52;2;19;8;0;4;9;9;108;0;0;0;0;0;0;0;0;0;741;843
09 - JARAGUÁ DO SUL
SCJAR01F - Juízo Federal da 1ª VF de Jaraguá do Sul;8;0;4;0;1;9;0;0;3;0;0;0;0;0;0;0;0;0;18;22
SCJAR01S - Juízo Substituto da 1ª VF de Jaraguá do Sul;4;0;2;0;0;8;1;0;0;0;0;0;0;0;0;0;0;0;17;20
SCJARCEMA - CENTRAL DE MANDADOS - JARAGUÁ DO SUL;0;1;0;0;0;0;0;0;0;0;0;0;0;0;0;0;0;0;1;1
Total 09 - JARAGUÁ DO SUL 09/2018 e-ProcV2;12;1;6;0;1;17;1;0;3;0;0;0;0;0;0;0;0;0;36;43
10 - SÃO MIGUEL DO OESTE
SCSMO01F - Juízo Federal da 1ª VF de São Miguel do Oeste;18;1;13;0;1;0;5;3;16;0;0;0;0;0;0;0;0;0;261;336
SCSMO01S - Juízo Substituto da 1ª VF de São Miguel do Oeste;25;0;17;1;1;0;7;1;27;0;0;0;0;0;0;0;0;0;304;401
Total 10 - SÃO MIGUEL DO OESTE 09/2018 e-ProcV2;43;1;30;1;2;0;12;4;43;0;0;0;0;0;0;0;0;0;565;737
11 - CAÇADOR
SCCAC01F - Juízo Federal da 1ª VF de Caçador;8;0;17;3;3;0;7;0;3;0;0;0;0;0;0;0;0;0;85;106
SCCAC01S - Juízo Substituto da 1ª VF de Caçador;5;0;16;2;5;0;7;0;4;0;0;0;0;0;0;0;0;0;97;120
Total 11 - CAÇADOR 09/2018 e-ProcV2;13;0;33;5;8;0;14;0;7;0;0;0;0;0;0;0;0;0;182;226
12 - CONCÓRDIA
SCCON01F - Juízo Federal da 1ª VF de Concórdia;7;0;6;1;0;0;8;2;3;0;0;0;0;0;0;0;0;0;112;131
SCCON01S - Juízo Substituto da 1ª VF de Concórdia;9;0;4;1;1;0;9;1;2;0;0;0;0;0;0;0;0;0;94;113
Total 12 - CONCÓRDIA 09/2018 e-ProcV2;16;0;10;2;1;0;17;3;5;0;0;0;0;0;0;0;0;0;206;244
13 - RIO DO SUL
SCRSL01F - Juízo Federal da 1ª VF de Rio do Sul;9;0;2;5;0;0;4;3;17;0;0;0;0;0;0;0;0;0;92;114
SCRSL01S - Juízo Substituto da 1ª VF de Rio do Sul;6;1;3;7;0;0;5;1;11;0;0;0;0;0;0;0;0;0;75;102
Total 13 - RIO DO SUL 09/2018 e-ProcV2;15;1;5;12;0;0;9;4;28;0;0;0;0;0;0;0;0;0;167;216
14 - MAFRA
SCMFA01F - Juízo Federal da 1ª VF de Mafra;3;0;3;0;0;3;0;1;0;0;0;0;0;0;0;0;0;0;14;22
SCMFA01S - Juízo Substituto da 1ª VF de Mafra;6;0;0;0;0;5;0;1;0;0;0;0;0;0;0;0;0;0;23;26
Total 14 - MAFRA 09/2018 e-ProcV2;9;0;3;0;0;8;0;2;0;0;0;0;0;0;0;0;0;0;37;48
15 - BRUSQUE
SCBQE01F - Juízo Federal da 1ª VF de Brusque;5;0;4;0;0;0;5;1;4;0;0;0;0;0;0;0;0;0;41;45
SCBQE01S - Juízo Substituto da 1ª VF de Brusque;4;0;3;0;0;0;3;0;3;0;0;0;0;0;0;0;0;0;36;39
Total 15 - BRUSQUE 09/2018 e-ProcV2;9;0;7;0;0;0;8;1;7;0;0;0;0;0;0;0;0;0;77;84
16 - LAGUNA
SCLGA01F - Juízo Federal da 1ª VF de Laguna;12;1;12;0;0;2;8;0;4;0;0;0;0;0;0;0;0;0;47;51
SCLGA01S - Juízo Substituto da 1ª VF de Laguna;9;4;10;0;0;1;9;1;10;0;0;0;0;0;0;0;0;0;43;47
Total 16 - LAGUNA 09/2018 e-ProcV2;21;5;22;0;0;3;17;1;14;0;0;0;0;0;0;0;0;0;90;98
Total 09/2018 e-ProcV2;687;72;529;87;72;72;377;74;968;0;0;1;0;0;0;0;0;0;6103;7422
10/2018
00 - FLORIANÓPOLIS
SCFLP01F - Juízo Federal da 1ª VF de Florianópolis;47;4;11;12;0;3;13;0;88;0;0;0;0;0;0;0;0;0;272;290
SCFLP01S - Juízo Substituto da 1ª VF de Florianópolis;39;1;6;7;0;1;7;4;58;0;0;0;0;0;0;0;0;0;267;280
SCFLP04F - Juízo Federal da 4ª VF de Florianópolis;0;0;0;0;0;1;0;0;0;0;0;0;0;0;0;0;0;0;0;0
SCFLP04S - Juízo Substituto da 4ª VF de Florianópolis;1;0;0;0;0;1;0;0;0;0;0;0;0;0;0;0;0;0;0;0
SCFLP07F - Juízo Federal da 7ª VF de Florianópolis;19;3;28;2;0;2;22;7;41;0;0;0;0;0;0;0;0;0;230;312
SCFLP07S - Juízo Substituto da 7ª VF de Florianópolis;22;3;14;1;1;0;17;3;41;0;0;0;0;0;0;0;0;0;220;297
SCFLP06F - Juízo Federal da 6ª VF de Florianópolis;11;0;9;0;10;0;8;0;24;0;0;0;0;0;0;0;0;0;102;117
SCFLP06S - Juízo Substituto da 6ª VF de Florianópolis;14;0;10;0;10;0;3;4;17;0;0;0;0;0;0;0;0;0;86;105
SCFLPCR01F - JUÍZO FED DA 01A VF CRIMINAL DE FLORIANÓPOLIS (DESATIVADA);0;0;0;0;0;0;0;0;1;0;0;0;0;0;0;0;0;0;0;0
SCFLP09S - Juízo Substituto da 9ª VF de Florianópolis;0;0;0;0;0;2;0;0;0;0;0;0;0;0;0;0;0;0;0;0
SCFLPCEMA - CENTRAL DE MANDADOS - FLORIANÓPOLIS;10;4;0;0;0;1;0;0;7;0;0;0;0;0;0;0;0;0;37;37
Total 00 - FLORIANÓPOLIS 10/2018 e-ProcV2;163;15;78;22;21;11;70;18;277;0;0;0;0;0;0;0;0;0;1214;1438
01 - JOINVILLE
SCJOI01F - Juízo Federal da 1ª VF de Joinville;82;23;75;8;1;6;67;13;105;0;0;0;0;0;0;0;0;0;377;441
SCJOI01S - Juízo Substituto da 1ª VF de Joinville;74;27;61;5;1;2;72;10;81;0;0;0;0;0;0;0;0;0;351;419
SCJOICEMA - CENTRAL DE MANDADOS - JOINVILLE;5;0;0;0;0;0;0;0;1;0;0;0;0;0;0;0;0;0;7;7
SCJOI06F - Juízo Federal da 6ª VF de Joinville;0;0;0;0;0;1;0;0;0;0;0;0;0;0;0;0;0;0;0;0
Total 01 - JOINVILLE 10/2018 e-ProcV2;161;50;136;13;2;9;139;23;187;0;0;0;0;0;0;0;0;0;735;867
02 - CHAPECÓ
SCCHA01F - Juízo Federal da 1ª VF de Chapecó;13;1;10;1;1;0;8;1;15;0;0;0;0;0;0;0;0;0;100;130
SCCHA01S - Juízo Substituto da 1ª VF de Chapecó;20;0;9;2;0;2;10;2;16;0;0;0;0;0;0;0;0;0;125;152
SCCHA02F - Juízo Federal da 2ª VF de Chapecó;22;0;22;0;0;0;19;3;10;0;0;0;0;0;0;0;0;0;154;200
SCCHA02S - Juízo Substituto da 2ª VF de Chapecó;29;0;33;0;0;2;26;5;9;0;0;0;0;0;0;0;0;0;149;200
Total 02 - CHAPECÓ 10/2018 e-ProcV2;84;1;74;3;1;4;63;11;50;0;0;0;0;0;0;0;0;0;528;682
03 - JOAÇABA
SCJOA01F - Juízo Federal da 1ª VF de Joaçaba;4;1;18;0;7;1;4;3;11;0;0;0;0;0;0;0;0;0;103;141
SCJOA01S - Juízo Substituto da 1ª VF de Joaçaba;6;2;21;1;14;1;5;6;11;0;0;0;0;0;0;0;0;0;129;179
Total 03 - JOAÇABA 10/2018 e-ProcV2;10;3;39;1;21;2;9;9;22;0;0;0;0;0;0;0;0;0;232;320
04 - CRICIÚMA
SCCRI01F - Juízo Federal da 1ª VF de Criciúma;26;1;20;3;1;2;31;9;60;0;0;0;0;0;0;0;0;0;262;294
SCCRI01S - Juízo Substituto da 1ª VF de Criciúma;32;1;23;4;0;2;30;5;32;0;0;0;0;0;0;0;0;0;275;308
SCCRICEMA - CENTRAL DE MANDADOS - CRICIÚMA;2;2;0;1;0;0;0;0;3;0;0;0;0;0;0;0;0;0;5;5
Total 04 - CRICIÚMA 10/2018 e-ProcV2;60;4;43;8;1;4;61;14;95;0;0;0;0;0;0;0;0;0;542;607
05 - BLUMENAU
SCBLU05F - Juízo Federal da 5ª VF de Blumenau;50;0;16;5;2;3;4;3;43;0;0;0;0;0;0;0;0;0;212;262
SCBLU05S - Juízo Substituto da 5ª VF de Blumenau;40;1;12;4;0;2;6;2;31;0;0;0;0;0;0;0;0;0;224;272
SCBLUCEMA - CENTRAL DE MANDADOS - BLUMENAU;2;0;0;0;0;0;0;0;2;0;0;0;0;0;0;0;0;0;3;3
Total 05 - BLUMENAU 10/2018 e-ProcV2;92;1;28;9;2;5;10;5;76;0;0;0;0;0;0;0;0;0;439;537
06 - LAGES
SCLAG01F - Juízo Federal da 1ª VF de Lages;9;0;4;3;1;1;5;2;14;0;0;0;0;0;0;0;0;0;61;71
SCLAG01S - Juízo Substituto da 1ª VF de Lages;9;1;12;0;0;1;6;0;14;0;0;0;0;0;2;0;0;2;82;98
SCLAGCEMA - CENTRAL DE MANDADOS - LAGES;0;1;0;0;0;0;0;0;1;0;0;0;0;0;0;0;0;0;2;2
SCLAGCEJUA - JUÍZO A DO CEJUSCON DE LAGES;0;0;0;0;0;0;0;0;0;0;0;0;0;0;0;0;0;0;2;2
Total 06 - LAGES 10/2018 e-ProcV2;18;2;16;3;1;2;11;2;29;0;0;0;0;0;2;0;0;2;147;173
07 - TUBARÃO
SCTUB01F - Juízo Federal da 1ª VF de Tubarão;4;0;4;2;0;0;6;3;13;0;0;0;0;0;0;0;0;0;92;101
SCTUB01S - Juízo Substituto da 1ª VF de Tubarão;8;0;8;4;0;0;7;0;16;0;0;0;0;0;0;0;0;0;92;101
SCTUBCEMA - CENTRAL DE MANDADOS - TUBARÃO;2;0;0;0;0;0;0;0;5;0;0;0;0;0;0;0;0;0;3;3
Total 07 - TUBARÃO 10/2018 e-ProcV2;14;0;12;6;0;0;13;3;34;0;0;0;0;0;0;0;0;0;187;205
08 - ITAJAÍ
SCITA01F - Juízo Federal da 1ª VF de Itajaí;53;1;11;4;0;3;3;1;47;0;0;0;0;0;0;0;0;0;380;428
SCITA01S - Juízo Substituto da 1ª VF de Itajaí;35;4;10;2;0;1;5;4;38;0;0;0;0;0;0;0;0;0;363;414
SCITACEMA - CENTRAL DE MANDADOS - ITAJAÍ;7;0;0;1;0;0;0;0;14;0;0;0;0;0;0;0;0;0;12;12
Total 08 - ITAJAÍ 10/2018 e-ProcV2;95;5;21;7;0;4;8;5;99;0;0;0;0;0;0;0;0;0;755;854
09 - JARAGUÁ DO SUL
SCJAR01F - Juízo Federal da 1ª VF de Jaraguá do Sul;15;0;2;0;0;17;0;0;3;0;0;0;0;0;0;0;0;0;19;23
SCJAR01S - Juízo Substituto da 1ª VF de Jaraguá do Sul;8;0;1;0;1;10;1;0;0;0;0;0;0;0;0;0;0;0;17;19
SCJARCEMA - CENTRAL DE MANDADOS - JARAGUÁ DO SUL;1;0;0;0;0;1;0;0;1;0;0;0;0;0;0;0;0;0;0;0
Total 09 - JARAGUÁ DO SUL 10/2018 e-ProcV2;24;0;3;0;1;28;1;0;4;0;0;0;0;0;0;0;0;0;36;42
10 - SÃO MIGUEL DO OESTE
SCSMO01F - Juízo Federal da 1ª VF de São Miguel do Oeste;32;0;22;2;5;2;24;2;16;0;0;0;0;0;0;0;0;0;269;355
SCSMO01S - Juízo Substituto da 1ª VF de São Miguel do Oeste;24;4;15;1;6;1;29;5;27;0;0;0;0;0;0;0;0;0;296;386
Total 10 - SÃO MIGUEL DO OESTE 10/2018 e-ProcV2;56;4;37;3;11;3;53;7;43;0;0;0;0;0;0;0;0;0;565;741
11 - CAÇADOR
SCCAC01F - Juízo Federal da 1ª VF de Caçador;10;0;7;1;1;0;3;0;6;0;0;0;0;0;0;0;0;0;99;120
SCCAC01S - Juízo Substituto da 1ª VF de Caçador;9;0;11;0;5;1;4;0;8;0;0;0;0;0;0;0;0;0;104;131
Total 11 - CAÇADOR 10/2018 e-ProcV2;19;0;18;1;6;1;7;0;14;0;0;0;0;0;0;0;0;0;203;251
12 - CONCÓRDIA
SCCON01F - Juízo Federal da 1ª VF de Concórdia;10;0;2;0;0;0;11;2;6;0;0;0;0;0;0;0;0;0;110;127
SCCON01S - Juízo Substituto da 1ª VF de Concórdia;7;0;0;0;0;0;7;0;10;0;0;0;0;0;0;0;0;0;87;104
Total 12 - CONCÓRDIA 10/2018 e-ProcV2;17;0;2;0;0;0;18;2;16;0;0;0;0;0;0;0;0;0;197;231
13 - RIO DO SUL
SCRSL01F - Juízo Federal da 1ª VF de Rio do Sul;18;0;10;3;0;0;8;8;26;0;0;0;0;0;0;0;0;0;86;103
SCRSL01S - Juízo Substituto da 1ª VF de Rio do Sul;12;0;13;0;0;0;6;4;17;0;0;0;0;0;0;0;0;0;79;101
Total 13 - RIO DO SUL 10/2018 e-ProcV2;30;0;23;3;0;0;14;12;43;0;0;0;0;0;0;0;0;0;165;204
14 - MAFRA
SCMFA01F - Juízo Federal da 1ª VF de Mafra;1;0;1;0;0;9;0;0;1;0;0;0;0;0;0;0;0;0;13;15
SCMFA01S - Juízo Substituto da 1ª VF de Mafra;2;1;0;0;0;4;1;0;0;0;0;0;0;0;0;0;0;0;22;24
Total 14 - MAFRA 10/2018 e-ProcV2;3;1;1;0;0;13;1;0;1;0;0;0;0;0;0;0;0;0;35;39
15 - BRUSQUE
SCBQE01F - Juízo Federal da 1ª VF de Brusque;8;0;1;0;1;0;2;0;4;0;0;0;0;0;0;0;0;0;47;49
SCBQE01S - Juízo Substituto da 1ª VF de Brusque;7;0;3;1;1;1;1;0;4;0;0;0;0;0;0;0;0;0;41;46
Total 15 - BRUSQUE 10/2018 e-ProcV2;15;0;4;1;2;1;3;0;8;0;0;0;0;0;0;0;0;0;88;95
16 - LAGUNA
SCLGA01F - Juízo Federal da 1ª VF de Laguna;13;2;9;1;0;0;14;1;9;0;0;0;0;0;0;0;0;0;47;50
SCLGA01S - Juízo Substituto da 1ª VF de Laguna;10;0;13;0;0;1;12;1;9;0;0;0;0;0;0;0;0;0;44;49
Total 16 - LAGUNA 10/2018 e-ProcV2;23;2;22;1;0;1;26;2;18;0;0;0;0;0;0;0;0;0;91;99
Total 10/2018 e-ProcV2;884;88;557;81;69;88;507;113;1016;0;0;0;0;0;2;0;0;2;6159;7385
11/2018
00 - FLORIANÓPOLIS
SCFLP01F - Juízo Federal da 1ª VF de Florianópolis;23;5;23;5;7;2;1;0;32;0;0;0;0;0;0;0;0;0;287;310
SCFLP01S - Juízo Substituto da 1ª VF de Florianópolis;32;6;19;12;9;1;5;1;24;0;0;0;0;0;0;0;0;0;306;320
SCFLP07F - Juízo Federal da 7ª VF de Florianópolis;17;3;32;3;1;1;14;0;31;0;0;0;0;0;0;0;0;0;224;306
SCFLP07S - Juízo Substituto da 7ª VF de Florianópolis;15;3;28;3;4;1;9;3;31;0;0;0;0;0;1;0;0;1;218;294
SCFLP06F - Juízo Federal da 6ª VF de Florianópolis;11;0;2;0;0;0;1;1;23;0;0;0;0;0;0;0;0;0;96;107
SCFLP06S - Juízo Substituto da 6ª VF de Florianópolis;10;0;3;0;0;1;4;0;20;0;0;0;0;0;0;0;0;0;80;97
SCFLPCEMA - CENTRAL DE MANDADOS - FLORIANÓPOLIS;7;0;0;1;0;1;0;0;7;0;0;0;0;0;0;0;0;0;37;37
SCFLPCEJUA - JUÍZO A DO CEJUSCON DE FLORIANÓPOLIS;0;0;0;0;0;0;0;0;0;0;0;0;0;0;0;0;0;0;1;1
Total 00 - FLORIANÓPOLIS 11/2018 e-ProcV2;115;17;107;24;21;7;34;5;168;0;0;0;0;0;1;0;0;1;1249;1472
01 - JOINVILLE
SCJOI01F - Juízo Federal da 1ª VF de Joinville;76;9;63;8;23;12;66;5;56;0;0;0;0;0;0;0;0;0;411;478
SCJOI01S - Juízo Substituto da 1ª VF de Joinville;68;15;69;7;34;3;65;5;58;0;0;0;0;0;0;0;0;0;426;487
SCJOICEMA - CENTRAL DE MANDADOS - JOINVILLE;0;0;0;0;0;0;0;0;3;0;0;0;0;0;0;0;0;0;4;4
Total 01 - JOINVILLE 11/2018 e-ProcV2;144;24;132;15;57;15;131;10;117;0;0;0;0;0;0;0;0;0;841;969
02 - CHAPECÓ
SCCHA01F - Juízo Federal da 1ª VF de Chapecó;12;0;43;0;1;1;6;1;13;0;0;0;0;0;0;0;0;0;109;139
SCCHA01S - Juízo Substituto da 1ª VF de Chapecó;15;1;38;2;2;0;8;2;14;0;0;0;0;0;0;0;0;0;132;161
SCCHA02F - Juízo Federal da 2ª VF de Chapecó;44;0;5;0;1;0;12;3;46;0;0;0;0;0;0;0;0;0;165;198
SCCHA02S - Juízo Substituto da 2ª VF de Chapecó;14;0;4;0;0;0;6;4;44;0;0;0;0;0;0;0;0;0;136;177
Total 02 - CHAPECÓ 11/2018 e-ProcV2;85;1;90;2;4;1;32;10;117;0;0;0;0;0;0;0;0;0;542;675
03 - JOAÇABA
SCJOA01F - Juízo Federal da 1ª VF de Joaçaba;5;0;2;1;0;0;9;1;8;0;0;0;0;0;0;0;0;0;111;148
SCJOA01S - Juízo Substituto da 1ª VF de Joaçaba;3;0;3;0;2;2;7;5;4;0;0;0;0;0;0;0;0;0;131;184
Total 03 - JOAÇABA 11/2018 e-ProcV2;8;0;5;1;2;2;16;6;12;0;0;0;0;0;0;0;0;0;242;332
04 - CRICIÚMA
SCCRI01F - Juízo Federal da 1ª VF de Criciúma;14;0;49;4;0;2;4;3;21;0;0;0;0;0;0;0;0;0;263;308
SCCRI01S - Juízo Substituto da 1ª VF de Criciúma;15;1;45;5;0;0;5;6;26;0;0;0;0;0;0;0;0;0;281;315
SCCRICEMA - CENTRAL DE MANDADOS - CRICIÚMA;1;1;0;0;0;0;0;0;2;0;0;0;0;0;0;0;0;0;5;5
Total 04 - CRICIÚMA 11/2018 e-ProcV2;30;2;94;9;0;2;9;9;49;0;0;0;0;0;0;0;0;0;549;628
05 - BLUMENAU
SCBLU05F - Juízo Federal da 5ª VF de Blumenau;13;0;4;1;0;0;3;4;50;0;0;0;0;0;0;0;0;0;177;230
SCBLU05S - Juízo Substituto da 5ª VF de Blumenau;20;0;2;0;0;3;16;4;34;0;0;0;0;0;0;0;0;0;201;244
SCBLUCEMA - CENTRAL DE MANDADOS - BLUMENAU;2;0;0;0;0;0;0;0;3;0;0;0;0;0;0;0;0;0;2;2
Total 05 - BLUMENAU 11/2018 e-ProcV2;35;0;6;1;0;3;19;8;87;0;0;0;0;0;0;0;0;0;380;476
06 - LAGES
SCLAG01F - Juízo Federal da 1ª VF de Lages;14;0;0;0;0;0;5;1;14;0;0;0;0;0;0;0;0;0;60;67
SCLAG01S - Juízo Substituto da 1ª VF de Lages;13;0;5;2;0;0;5;1;12;0;0;0;0;2;1;0;0;1;85;105
SCLAGCEMA - CENTRAL DE MANDADOS - LAGES;1;0;0;0;0;0;0;0;1;0;0;0;0;0;0;0;0;0;2;2
SCLAGCEJUA - JUÍZO A DO CEJUSCON DE LAGES;0;0;0;0;0;0;0;0;0;0;0;0;0;0;0;0;0;0;1;1
Total 06 - LAGES 11/2018 e-ProcV2;28;0;5;2;0;0;10;2;27;0;0;0;0;2;1;0;0;1;148;175
07 - TUBARÃO
SCTUB01F - Juízo Federal da 1ª VF de Tubarão;4;0;6;1;0;1;10;1;4;0;0;0;0;0;0;0;0;0;88;100
SCTUB01S - Juízo Substituto da 1ª VF de Tubarão;3;0;3;1;0;0;5;1;15;0;0;0;0;0;0;0;0;0;84;96
SCTUBCEMA - CENTRAL DE MANDADOS - TUBARÃO;1;0;0;0;0;0;0;0;4;0;0;0;0;0;0;0;0;0;0;0
Total 07 - TUBARÃO 11/2018 e-ProcV2;8;0;9;2;0;1;15;2;23;0;0;0;0;0;0;0;0;0;172;196
08 - ITAJAÍ
SCITA01F - Juízo Federal da 1ª VF de Itajaí;37;3;4;5;2;3;6;8;43;0;0;0;0;0;0;0;0;0;381;421
SCITA01S - Juízo Substituto da 1ª VF de Itajaí;47;1;8;3;2;4;3;6;36;0;0;0;0;0;0;0;0;0;367;424
SCITACEMA - CENTRAL DE MANDADOS - ITAJAÍ;8;0;0;1;0;0;0;0;10;0;0;0;0;0;0;0;0;0;11;11
Total 08 - ITAJAÍ 11/2018 e-ProcV2;92;4;12;9;4;7;9;14;89;0;0;0;0;0;0;0;0;0;759;856
09 - JARAGUÁ DO SUL
SCJAR01F - Juízo Federal da 1ª VF de Jaraguá do Sul;0;0;0;0;0;3;0;1;3;0;0;0;0;0;0;0;0;0;16;18
SCJAR01S - Juízo Substituto da 1ª VF de Jaraguá do Sul;0;0;0;1;0;1;0;2;3;0;0;0;0;0;0;0;0;0;13;17
Total 09 - JARAGUÁ DO SUL 11/2018 e-ProcV2;0;0;0;1;0;4;0;3;6;0;0;0;0;0;0;0;0;0;29;35
10 - SÃO MIGUEL DO OESTE
SCSMO01F - Juízo Federal da 1ª VF de São Miguel do Oeste;45;0;5;1;0;1;38;3;39;0;0;0;0;0;0;0;0;0;256;335
SCSMO01S - Juízo Substituto da 1ª VF de São Miguel do Oeste;45;0;13;3;0;0;42;3;49;0;0;0;0;0;0;0;0;0;278;363
Total 10 - SÃO MIGUEL DO OESTE 11/2018 e-ProcV2;90;0;18;4;0;1;80;6;88;0;0;0;0;0;0;0;0;0;534;698
11 - CAÇADOR
SCCAC01F - Juízo Federal da 1ª VF de Caçador;15;0;9;0;2;2;2;0;11;0;0;0;0;0;0;0;0;0;107;131
SCCAC01S - Juízo Substituto da 1ª VF de Caçador;10;0;10;0;0;0;6;1;12;0;0;0;0;0;0;0;0;0;111;138
Total 11 - CAÇADOR 11/2018 e-ProcV2;25;0;19;0;2;2;8;1;23;0;0;0;0;0;0;0;0;0;218;269
12 - CONCÓRDIA
SCCON01F - Juízo Federal da 1ª VF de Concórdia;5;1;4;3;0;0;7;0;15;0;0;0;0;0;0;0;0;0;100;121
SCCON01S - Juízo Substituto da 1ª VF de Concórdia;9;0;2;0;0;1;6;1;16;0;0;0;0;0;0;0;0;0;84;98
Total 12 - CONCÓRDIA 11/2018 e-ProcV2;14;1;6;3;0;1;13;1;31;0;0;0;0;0;0;0;0;0;184;219
13 - RIO DO SUL
SCRSL01F - Juízo Federal da 1ª VF de Rio do Sul;4;0;0;0;1;0;1;3;9;0;0;0;0;0;0;0;0;0;83;98
SCRSL01S - Juízo Substituto da 1ª VF de Rio do Sul;8;0;0;0;1;0;1;2;4;0;0;0;0;0;0;0;0;0;88;108
Total 13 - RIO DO SUL 11/2018 e-ProcV2;12;0;0;0;2;0;2;5;13;0;0;0;0;0;0;0;0;0;171;206
14 - MAFRA
SCMFA01F - Juízo Federal da 1ª VF de Mafra;1;0;1;0;1;4;0;0;0;0;0;0;0;0;0;0;0;0;12;15
SCMFA01S - Juízo Substituto da 1ª VF de Mafra;0;0;0;0;1;0;1;0;0;0;0;0;0;0;0;0;0;0;18;24
Total 14 - MAFRA 11/2018 e-ProcV2;1;0;1;0;2;4;1;0;0;0;0;0;0;0;0;0;0;0;30;39
15 - BRUSQUE
SCBQE01F - Juízo Federal da 1ª VF de Brusque;8;2;1;0;2;1;4;0;4;0;0;0;0;0;0;0;0;0;53;56
SCBQE01S - Juízo Substituto da 1ª VF de Brusque;9;0;1;0;2;0;4;0;8;0;0;0;0;0;0;0;0;0;45;49
Total 15 - BRUSQUE 11/2018 e-ProcV2;17;2;2;0;4;1;8;0;12;0;0;0;0;0;0;0;0;0;98;105
16 - LAGUNA
SCLGA01F - Juízo Federal da 1ª VF de Laguna;5;1;1;0;0;1;11;1;8;0;0;0;0;0;0;0;0;0;45;46
SCLGA01S - Juízo Substituto da 1ª VF de Laguna;3;0;1;0;0;0;15;0;9;0;0;0;0;0;0;0;0;0;42;46
Total 16 - LAGUNA 11/2018 e-ProcV2;8;1;2;0;0;1;26;1;17;0;0;0;0;0;0;0;0;0;87;92
Total 11/2018 e-ProcV2;712;52;508;73;98;52;413;83;879;0;0;0;0;2;2;0;0;2;6233;7442
Total e-ProcV2;9327;855;6275;832;285;856;5222;1127;10159;0;13;15;0;10;12;0;0;2;6233;7442
